,Pos1,Pos2,Pos3,Pos4,Pos5,Pos6,Pos7,Pos8,Pos9,Pos10,Pos11,Pos12,Pos13,Pos14,Pos15,Pos16,Nsubs,R,lambd
0,0,0,0,0,0,0,0,0,0,1,4,0,0,0,0,0,2,484.4822,350.23
1,0,2,0,0,0,4,0,0,0,0,0,3,0,0,0,0,3,566.374,353.4
2,0,0,0,0,0,0,0,3,0,0,3,3,4,2,0,0,5,115.5001,359.97
3,0,4,0,4,0,0,0,0,0,0,0,2,0,0,3,3,5,521.1104,369.31
4,0,0,0,0,0,0,0,0,0,0,0,0,0,2,4,0,2,774.6917,347.5
5,4,2,0,2,0,0,0,0,4,0,0,0,3,0,4,0,6,600.8041,374.17
6,0,0,0,0,0,0,0,2,1,0,0,0,0,0,3,3,4,644.614,364.11
7,0,0,0,2,0,0,4,0,0,0,0,0,4,0,0,2,4,311.9589,361.02
8,0,0,3,0,0,0,0,0,0,3,4,4,2,0,3,0,6,436.2708,361.34
9,0,3,3,0,1,0,0,0,0,0,0,1,0,3,3,0,6,932.7682,352.08
10,4,0,0,4,3,0,3,0,0,0,4,0,0,0,3,0,6,310.573,391.63
11,0,0,0,0,0,0,0,0,0,0,0,0,0,0,3,1,2,630.3364,347.1
12,0,1,0,0,4,0,0,0,0,4,0,3,0,0,0,0,4,392.8587,358.78
13,0,1,0,0,0,0,0,0,0,0,2,2,4,0,3,0,5,272.707,368.46
14,0,0,0,0,0,0,0,0,0,0,0,4,0,2,0,3,3,404.2231,366.31
15,0,0,1,0,0,0,3,0,0,0,0,0,0,2,0,0,3,680.0007,345.91
16,0,0,0,0,1,1,0,4,0,4,0,0,0,0,3,3,6,527.25,370.41
17,0,0,1,0,1,0,0,0,0,0,0,0,4,2,1,0,5,566.808,346.98
18,0,2,0,1,0,0,0,0,0,0,0,0,0,0,0,0,2,698.8705,344.2
19,0,0,0,0,0,0,0,2,0,0,0,0,0,0,0,0,1,668.6168,344.16
20,0,0,0,0,0,1,0,3,0,0,0,0,0,0,0,4,3,620.5532,360.34
21,0,1,0,0,0,0,0,0,4,0,0,4,0,0,0,0,3,519.8735,352.48
22,0,0,1,4,0,0,0,0,0,0,1,0,0,0,1,0,4,491.1827,344.8
23,0,1,0,0,4,0,2,0,3,0,0,0,0,3,3,0,6,546.7089,362.51
24,0,1,3,4,3,0,0,0,0,0,0,0,0,0,0,4,5,128.5916,373.48
25,0,0,3,1,0,0,0,0,0,0,0,0,0,0,0,0,2,722.1028,343.5
26,1,3,0,4,2,0,0,0,0,0,0,4,0,0,0,0,5,154.4202,375.64
27,0,0,0,0,1,0,0,0,0,0,0,0,1,0,1,0,3,629.6745,341.54
28,0,0,0,1,0,0,0,0,4,0,0,0,0,0,4,0,3,676.0763,353.75
29,0,3,0,2,3,0,0,0,0,0,0,0,0,0,0,0,3,504.1115,359.1
30,0,0,3,0,2,0,4,0,0,3,0,0,0,0,4,4,6,381.0768,386.15
31,0,0,2,0,0,0,0,0,0,0,4,0,0,0,3,0,3,722.247,350.85
32,0,0,2,0,0,1,0,1,2,1,0,0,0,4,0,0,6,703.7786,356.15
33,1,0,0,1,0,0,0,3,0,0,0,0,0,0,0,3,4,455.0476,355.9
34,4,2,4,2,0,0,0,0,0,0,0,2,0,0,0,0,5,336.072,382.2
35,4,0,3,0,0,0,0,0,3,0,0,0,1,0,3,2,6,554.9619,377.75
36,0,0,4,3,0,4,0,2,0,0,0,0,0,0,0,0,4,590.0566,358.61
37,2,0,0,2,0,0,0,0,0,0,0,0,4,2,0,0,4,432.2526,356.08
38,0,4,0,0,0,0,0,0,0,4,0,3,0,0,2,0,4,622.9845,360.18
39,0,2,0,1,0,0,2,0,0,0,0,3,3,0,0,0,5,356.9513,359.78
40,0,0,0,2,0,1,0,0,0,0,0,0,0,0,0,2,3,514.7766,349.85
41,0,0,0,0,0,0,0,2,0,4,0,0,3,3,0,0,4,511.0118,357.53
42,1,0,2,0,0,0,2,0,0,0,0,0,0,0,0,0,3,531.7388,352.18
43,0,1,0,0,0,0,2,0,0,0,0,1,1,2,2,0,6,632.5766,354.45
44,0,0,4,0,0,0,0,4,0,2,0,1,0,1,0,0,5,649.5082,353.86
45,0,1,1,0,0,0,0,2,0,4,0,0,1,0,0,0,5,550.087,352.17
46,0,2,0,1,1,0,0,3,0,0,0,2,0,0,0,0,5,609.2577,353.66
47,0,0,0,0,0,0,0,1,0,0,0,0,0,0,0,0,1,670.7866,341.17
48,0,0,2,0,0,0,0,0,3,4,0,0,0,0,0,0,3,604.6825,352.02
49,0,0,3,0,0,4,0,0,3,0,0,4,4,0,2,0,6,420.7188,363.42
50,0,4,0,1,0,0,0,0,1,0,0,0,0,3,0,0,4,709.4934,352.15
51,0,0,0,0,2,4,0,0,0,0,0,1,4,0,1,0,5,295.6794,368.76
52,0,2,4,0,0,4,0,0,0,0,0,4,0,0,0,0,4,541.358,356.17
53,0,1,0,2,0,3,0,0,0,3,0,2,3,0,0,0,6,309.6727,367.39
54,0,3,0,3,0,2,0,0,2,0,0,2,0,0,3,0,6,582.8912,366.82
55,0,0,0,0,0,1,0,0,0,1,1,0,0,0,0,0,3,597.0506,342.72
56,2,0,0,0,0,0,0,0,0,2,0,0,0,0,0,0,2,532.7661,350.98
57,0,3,0,0,0,0,0,0,0,0,0,0,0,0,0,0,1,781.6228,342.88
58,0,0,0,0,0,0,2,0,0,4,0,0,0,0,0,0,2,571.8015,351.0
59,0,0,4,0,0,0,0,0,0,4,1,0,0,0,0,0,3,587.6966,354.87
60,0,0,0,0,1,0,0,0,3,0,0,0,0,0,0,0,2,641.2333,345.1
61,4,0,0,0,3,1,0,0,0,4,1,0,1,0,0,0,6,435.1148,371.17
62,0,3,0,0,0,0,0,0,0,1,0,0,0,0,0,0,2,742.2276,342.31
63,1,0,0,0,0,0,1,0,0,0,0,0,0,0,2,0,3,549.7314,342.76
64,0,0,3,0,0,0,3,0,0,0,0,0,0,0,1,0,3,650.5676,346.94
65,0,0,0,0,2,0,0,0,0,0,0,0,2,0,0,0,2,554.742,347.43
66,0,0,0,0,1,1,0,0,0,0,0,0,0,0,0,0,2,667.3871,341.64
67,0,0,0,0,0,0,0,2,2,0,0,4,0,1,0,3,5,434.77,372.33
68,0,0,1,0,0,3,0,0,0,0,3,0,0,0,0,2,4,500.7507,355.55
69,0,0,3,0,0,0,3,0,0,0,4,4,0,3,0,3,6,359.7503,369.33
70,0,0,0,0,0,0,0,0,0,0,4,0,2,3,3,0,4,628.2964,359.92
71,3,0,0,0,0,0,0,0,0,0,0,0,0,0,2,0,2,618.7054,350.53
72,3,2,0,0,0,2,0,0,0,0,0,0,0,0,0,0,3,537.8497,363.42
73,0,1,0,0,1,0,0,1,0,4,0,0,4,0,2,0,6,494.021,359.2
74,0,0,0,0,0,0,0,0,3,4,0,4,0,2,1,1,6,351.386,367.51
75,2,0,0,0,3,0,0,0,0,0,0,3,1,0,2,1,6,328.0646,367.69
76,0,0,0,0,0,0,1,0,0,2,0,0,0,3,0,0,3,639.8154,345.71
77,0,1,0,0,0,0,4,0,3,4,0,0,4,0,0,0,5,398.7217,364.82
78,0,0,1,3,0,0,2,2,0,0,3,0,0,0,2,0,6,533.5942,358.6
79,0,0,0,0,0,1,0,2,3,0,0,0,0,1,0,0,4,567.7237,357.63
80,0,2,0,0,0,0,0,0,4,0,1,4,1,0,0,0,5,516.0227,359.98
81,0,0,0,0,0,0,0,1,0,2,0,0,0,0,0,0,2,583.3478,346.36
82,0,0,0,0,0,0,0,0,4,0,0,0,3,0,0,0,2,590.6174,350.0
83,0,1,0,0,0,0,0,1,0,2,0,2,0,4,0,0,5,554.6143,356.78
84,0,0,0,0,0,1,0,1,0,0,0,2,2,0,3,0,5,511.6964,360.55
85,0,0,0,0,3,2,0,4,0,0,2,2,0,0,2,0,6,526.029,363.03
86,0,0,2,0,0,0,2,0,0,0,4,0,0,3,0,0,4,701.7935,352.25
87,0,0,0,1,0,0,0,0,2,0,0,1,0,0,0,0,3,610.5105,344.89
88,0,0,0,0,0,0,0,0,2,0,0,4,1,0,4,0,4,527.7319,361.22
89,2,0,0,0,3,4,0,1,4,0,4,0,0,0,0,0,6,326.5294,372.42
90,4,3,2,0,0,0,0,0,0,0,0,0,0,0,0,0,3,496.8925,370.25
91,0,2,0,0,0,3,0,0,3,0,3,0,0,0,2,0,5,603.4085,362.9
92,0,1,0,0,0,4,2,4,0,0,0,2,0,0,0,0,5,204.7942,365.56
93,0,0,4,1,0,1,0,0,0,0,4,0,0,0,0,0,4,620.4351,350.28
94,1,0,0,0,0,0,0,0,4,0,4,0,0,0,0,0,3,424.7269,352.56
95,0,0,0,0,0,0,2,0,0,0,4,0,3,0,0,0,3,509.9671,354.32
96,2,0,1,0,0,0,0,0,0,3,0,0,0,0,0,0,3,497.8788,352.33
97,0,3,0,0,3,3,0,4,0,3,0,0,0,2,0,0,6,576.5521,361.95
98,0,2,2,0,2,0,4,0,0,0,0,2,0,2,0,0,6,582.6947,360.86
99,2,0,0,0,0,0,0,0,0,0,0,0,0,0,0,0,1,547.925,348.97
100,2,0,0,0,0,3,0,0,0,0,3,0,0,3,0,0,4,543.6456,356.07
101,0,0,0,0,0,0,0,0,3,0,0,0,0,1,0,0,2,652.5501,344.94
102,0,0,0,1,0,0,0,0,0,0,0,0,0,0,0,2,2,543.9089,348.87
103,0,0,0,0,0,0,0,0,0,0,1,4,0,0,4,0,3,622.7238,351.58
104,0,0,0,0,0,1,0,0,0,0,0,0,0,2,0,0,2,706.2611,342.24
105,0,0,1,0,0,0,0,0,0,0,0,1,0,0,0,0,2,674.8682,340.44
106,0,0,0,0,0,0,0,0,1,0,4,0,0,0,0,3,3,512.0692,357.95
107,1,0,0,0,0,4,0,0,0,0,1,3,2,0,1,0,6,382.0126,358.76
108,0,0,0,4,4,0,1,3,1,4,0,0,0,0,0,0,6,144.7878,371.96
109,0,0,4,0,4,0,0,0,0,0,3,3,0,0,0,0,4,489.8941,358.26
110,0,0,1,0,2,0,0,0,2,0,0,0,0,0,0,0,3,571.7979,348.76
111,0,2,1,2,2,0,0,0,0,0,0,0,4,0,0,4,6,386.3291,370.46
112,0,4,0,0,0,0,2,0,0,0,0,0,2,1,0,0,4,605.4378,353.03
113,0,0,4,0,3,0,0,4,0,0,1,0,0,0,2,0,5,568.2653,360.87
114,0,0,0,0,1,0,2,0,0,0,0,0,0,0,0,0,2,607.2171,344.91
115,0,0,0,0,0,2,0,0,0,4,2,2,0,3,0,0,5,449.4854,365.54
116,0,0,0,0,0,1,3,0,3,0,4,0,0,1,0,1,6,363.5655,361.23
117,0,0,1,0,0,3,1,0,0,3,2,0,0,1,0,0,6,525.68,357.67
118,2,4,0,0,0,0,0,0,0,1,2,0,1,0,0,0,5,610.8042,359.86
119,1,0,0,2,1,0,0,4,0,0,3,0,2,0,0,0,6,347.248,360.81
120,0,1,0,0,0,0,0,0,0,1,0,0,0,3,2,0,4,678.2447,344.78
121,4,0,0,0,3,0,0,0,0,1,0,0,0,0,0,4,4,522.8465,373.88
122,3,0,2,0,4,2,0,0,0,1,4,0,0,0,0,0,6,339.8544,372.84
123,2,0,0,0,1,3,1,0,0,0,0,0,1,0,3,0,6,440.4947,360.69
124,3,2,0,1,0,0,0,0,0,0,0,0,0,0,0,0,3,563.6086,360.42
125,0,3,0,0,0,1,0,2,0,0,4,0,0,2,0,0,5,684.8319,355.68
126,0,0,4,1,0,4,0,0,2,0,2,0,0,0,0,3,6,561.531,365.07
127,0,0,3,0,0,0,0,0,0,3,0,0,3,0,0,0,3,620.0417,350.97
128,2,2,1,0,0,0,0,0,0,0,3,0,0,2,0,2,6,589.5175,363.97
129,4,2,0,0,3,4,0,0,4,0,3,0,0,0,0,0,6,507.4886,381.81
130,0,0,1,0,0,0,0,0,4,0,0,0,1,4,1,0,5,716.3189,348.98
131,1,0,0,0,0,2,0,0,0,0,4,2,3,0,3,0,6,444.8256,362.06
132,0,3,0,0,0,0,3,0,0,0,0,0,0,0,0,0,2,680.4316,349.04
133,0,0,3,0,0,1,0,0,1,3,0,4,3,0,0,0,6,257.1631,362.35
134,0,3,0,3,0,0,0,0,1,0,0,0,0,4,0,0,4,679.8908,356.48
135,0,0,1,0,0,4,0,0,0,1,0,0,3,0,0,0,4,530.3328,348.91
136,0,0,0,0,0,2,0,0,0,0,0,4,0,0,0,0,2,533.7604,348.98
137,0,2,0,0,0,0,0,4,0,4,0,0,0,0,0,0,3,584.629,355.81
138,0,3,0,0,1,0,4,0,0,2,0,0,0,3,0,2,6,541.0307,364.81
139,4,1,0,1,0,0,2,0,0,0,0,2,0,0,0,0,5,479.4222,363.34
140,0,0,0,0,0,0,0,1,0,0,2,3,0,3,0,0,4,544.5311,355.27
141,0,0,0,3,2,0,4,2,0,0,0,0,0,3,0,3,6,331.438,371.79
142,0,0,0,3,0,0,0,0,0,0,0,0,0,0,0,0,1,639.1159,343.67
143,0,3,1,0,0,4,0,0,0,2,3,0,0,0,1,0,6,546.7487,360.37
144,4,0,0,0,0,0,0,3,0,4,2,3,0,0,3,0,6,465.6002,379.27
145,0,1,0,3,0,0,0,2,3,0,2,1,0,0,0,0,6,511.9082,361.32
146,0,0,2,0,0,1,0,0,0,2,0,3,0,0,0,0,4,536.1293,351.94
147,0,1,0,0,0,0,0,0,0,0,0,0,0,0,0,0,1,655.8208,340.06
148,0,0,4,0,2,0,0,1,0,0,4,0,2,0,4,0,6,527.0081,368.88
149,0,0,2,0,2,0,0,1,0,0,4,0,1,0,0,4,6,344.8483,366.06
150,0,0,0,0,1,2,0,0,0,4,0,3,0,0,1,4,6,429.7587,371.94
151,2,0,0,0,0,0,0,0,0,3,0,0,0,0,2,0,3,571.1386,352.07
152,0,0,0,0,0,0,0,0,0,0,1,3,0,0,0,4,3,494.5583,363.26
153,0,0,0,0,0,0,0,3,0,4,0,0,0,0,0,4,3,524.1074,367.07
154,0,2,0,2,0,0,1,0,0,0,0,2,0,0,0,0,4,408.1587,360.01
155,0,0,0,0,3,0,0,0,0,0,0,2,0,3,0,0,3,558.3738,351.63
156,0,1,0,0,0,0,0,0,0,0,0,0,0,0,2,2,3,550.2463,352.46
157,4,0,0,0,1,0,0,3,4,2,0,0,0,0,0,2,6,385.9352,384.55
158,0,0,0,0,0,4,0,0,0,0,0,0,0,0,0,0,1,611.754,345.85
159,0,0,0,0,4,0,0,0,3,1,0,0,0,0,0,0,3,536.6126,349.75
160,3,1,0,0,3,0,3,0,0,0,0,1,1,0,0,0,6,335.8133,369.51
161,0,0,2,0,0,0,0,0,0,0,0,2,1,0,0,0,3,589.7416,346.58
162,0,4,0,0,0,0,0,0,0,0,0,0,0,0,4,4,3,349.969,366.92
163,0,0,0,0,0,0,1,1,0,4,1,0,2,0,0,0,5,437.5096,357.34
164,0,0,0,0,4,0,0,0,0,0,0,4,4,0,0,0,3,143.4255,367.54
165,0,0,0,2,0,0,4,0,0,0,0,0,0,0,0,0,2,544.8066,349.92
166,0,0,2,1,0,0,0,3,0,1,0,0,0,0,0,3,5,519.0902,357.84
167,0,0,0,0,0,0,0,0,0,3,0,0,0,0,4,0,2,694.2488,351.27
168,0,0,0,2,0,2,0,0,3,2,0,0,0,0,3,2,6,504.4688,368.88
169,0,0,0,0,4,0,2,0,0,0,0,0,0,0,2,3,4,519.1238,363.73
170,1,0,0,1,0,0,0,0,3,4,0,0,3,0,0,2,6,287.2145,366.41
171,0,2,0,0,0,3,0,0,0,0,4,4,0,0,0,0,4,401.2533,355.02
172,1,0,0,0,0,0,0,0,0,4,0,0,2,0,0,0,3,427.7424,349.44
173,3,0,4,0,0,0,0,0,0,0,0,0,3,2,0,3,5,590.0745,368.38
174,0,0,0,0,0,2,2,0,0,0,0,0,0,0,0,0,2,524.2032,353.63
175,0,0,0,0,0,0,0,0,0,0,0,0,2,2,0,0,2,662.1677,345.48
176,1,0,0,0,0,3,3,4,3,0,4,0,0,0,0,0,6,246.9094,372.15
177,2,0,0,0,4,0,0,2,0,0,0,0,0,0,0,4,4,423.7266,369.64
178,0,0,0,1,0,3,0,0,3,0,0,4,0,4,0,1,6,373.4954,362.59
179,0,0,0,0,0,0,4,0,0,0,0,0,1,0,0,2,3,470.8552,354.38
180,0,3,0,0,0,0,2,2,0,0,0,0,0,0,0,0,3,683.3658,352.05
181,1,4,1,0,4,0,0,0,2,4,0,0,0,0,0,0,6,376.4914,361.12
182,0,3,4,0,0,0,0,0,0,0,0,0,0,0,3,2,4,698.5759,358.24
183,2,0,0,1,2,0,0,0,1,0,0,0,1,0,0,0,5,326.9496,363.32
184,0,4,0,0,0,0,0,0,3,0,2,0,0,1,0,0,4,666.9283,354.24
185,0,1,0,0,0,0,0,0,0,1,2,1,0,0,3,0,5,633.0752,350.4
186,0,0,4,0,1,0,0,0,0,0,0,0,0,4,0,0,3,863.8608,347.22
187,0,0,0,0,2,0,3,0,0,0,2,0,2,0,0,4,5,482.4038,370.02
188,0,0,3,2,0,0,0,2,0,3,0,2,0,0,0,0,5,538.7913,357.8
189,0,0,0,0,0,0,0,0,0,0,4,1,3,0,0,0,3,510.8251,354.08
190,0,0,0,0,0,0,0,0,0,0,1,0,1,0,2,0,3,659.8429,345.47
191,0,0,0,4,0,0,0,0,0,0,3,0,0,0,0,0,2,544.1287,349.25
192,0,0,0,2,0,0,0,0,0,0,2,2,3,0,1,1,6,239.6527,367.36
193,3,0,0,0,4,1,2,0,0,0,0,3,3,0,0,0,6,180.8595,379.99
194,0,2,1,0,0,0,0,0,0,1,0,0,1,0,0,0,4,676.0942,343.48
195,0,0,0,0,0,0,0,2,0,0,0,2,2,0,0,0,3,455.1047,354.88
196,0,0,0,0,1,0,2,1,0,0,2,0,0,3,4,0,6,680.5542,358.79
197,1,0,0,0,0,4,1,0,0,0,0,4,0,0,0,0,4,323.3664,358.93
198,0,3,4,0,0,0,3,1,0,4,0,0,0,4,0,0,6,491.2408,367.1
199,2,0,2,0,0,0,2,0,0,3,4,0,3,0,0,0,6,371.3466,370.94
200,0,0,4,0,0,4,0,0,0,0,0,0,0,0,0,3,3,617.4232,355.18
201,0,0,0,0,4,0,4,0,3,0,2,0,1,0,0,0,5,400.9974,363.95
202,4,0,0,0,0,1,0,0,1,0,4,3,0,0,0,0,5,469.0846,363.5
203,0,0,0,0,0,0,0,0,0,0,0,1,4,0,0,0,2,484.8454,350.77
204,4,2,0,4,2,0,3,1,0,0,0,0,0,0,0,0,6,300.0097,394.27
205,0,0,2,0,0,2,4,0,0,1,0,0,0,0,0,0,4,508.1051,355.15
206,4,0,0,2,2,1,0,0,0,0,0,1,0,3,0,0,6,507.4645,372.09
207,0,0,0,0,2,0,0,1,0,0,1,0,0,0,3,1,5,530.6883,354.97
208,0,2,0,2,0,2,1,0,0,1,0,1,0,0,0,0,6,541.2155,353.14
209,0,1,2,0,0,0,0,0,0,0,0,3,4,0,0,0,4,234.1593,354.07
210,0,0,0,0,0,0,3,0,0,0,0,0,0,0,2,3,3,585.0229,359.68
211,0,0,1,0,3,4,0,0,0,0,4,0,2,0,2,0,6,503.7736,360.26
212,4,0,0,0,0,0,0,0,0,4,0,0,0,4,0,0,3,613.3562,359.59
213,0,0,0,0,0,2,0,0,0,0,1,0,0,0,0,0,2,637.6043,345.01
214,0,0,0,0,1,0,0,0,0,0,4,4,1,1,0,3,6,222.613,358.35
215,2,4,4,0,0,0,0,0,0,0,0,0,0,0,0,0,3,333.589,370.88
216,2,0,0,3,0,0,3,0,3,0,2,0,0,0,0,0,5,382.6496,369.46
217,1,0,0,0,0,0,0,0,0,3,0,0,0,0,0,0,2,492.0714,345.94
218,3,0,4,2,0,0,0,0,0,0,0,4,0,0,0,0,4,422.3459,366.98
219,0,0,0,0,4,0,0,0,0,2,0,0,0,0,3,0,3,583.7159,352.44
220,0,0,0,0,1,0,0,0,0,0,0,0,0,0,0,0,1,677.2624,340.73
221,0,2,0,0,0,1,0,0,0,0,1,3,2,4,0,0,6,474.19,363.04
222,0,4,1,4,1,0,0,0,3,0,0,0,0,4,0,0,6,541.9489,360.47
223,0,0,0,0,0,2,0,0,4,0,4,0,3,0,1,0,5,482.3917,361.04
224,0,0,2,0,0,0,0,0,0,2,4,0,0,0,0,0,3,416.6274,357.21
225,0,0,1,0,0,0,1,0,2,3,0,0,2,0,0,0,5,539.8375,352.27
226,3,0,0,0,0,0,0,3,3,0,0,0,0,0,0,0,3,541.7483,364.74
227,0,2,0,0,0,3,0,0,3,0,0,0,1,4,0,0,5,649.9151,357.04
228,3,0,0,1,0,0,0,0,0,0,0,3,0,1,0,0,4,496.8117,356.42
229,0,0,3,2,0,0,2,0,0,4,4,0,0,0,0,0,5,338.3053,371.23
230,0,3,4,0,0,3,0,0,0,0,0,0,0,0,0,0,3,760.1294,352.74
231,0,0,0,1,2,0,0,0,4,0,0,0,3,0,0,3,5,344.6375,367.04
232,0,0,2,0,0,0,0,1,2,3,0,3,0,3,0,0,6,560.0115,361.52
233,2,4,0,0,1,0,0,2,0,0,0,0,1,0,0,1,6,426.6952,362.4
234,0,0,0,0,0,0,0,1,1,3,3,4,4,0,0,0,6,186.6966,374.75
235,0,0,0,0,3,0,0,0,0,0,0,0,2,0,0,2,3,400.5755,358.59
236,3,0,4,2,0,0,0,2,4,4,0,0,0,0,0,0,6,279.9713,383.99
237,1,0,0,0,2,0,0,0,0,0,0,0,4,4,0,2,5,240.3624,371.03
238,0,0,0,0,0,0,2,2,2,0,0,4,0,0,4,1,6,397.1547,372.88
239,0,1,0,0,4,0,0,0,0,0,4,0,0,0,0,0,3,509.8338,351.1
240,0,2,2,0,0,4,0,0,0,1,0,0,0,2,0,0,5,737.5257,350.35
241,0,1,0,2,0,0,4,0,3,0,0,0,0,0,0,0,4,472.2021,356.78
242,2,2,0,0,0,0,0,0,0,0,4,0,0,0,0,0,3,554.0839,357.03
243,0,0,0,0,0,2,1,4,0,0,0,0,0,0,0,0,3,558.7834,353.52
244,4,0,0,0,0,0,1,0,0,0,3,0,4,0,0,0,4,540.7045,361.87
245,0,0,0,4,3,0,0,4,0,0,0,0,0,0,0,0,3,274.187,363.18
246,0,0,0,3,4,0,1,0,0,0,0,3,0,0,0,0,4,346.513,367.08
247,0,0,2,0,0,0,0,2,3,0,0,0,0,3,0,2,5,614.6969,366.35
248,4,0,0,0,0,0,0,0,0,0,0,3,0,0,0,0,2,580.7099,357.95
249,1,1,0,0,0,0,0,1,0,0,2,0,4,0,4,0,6,504.8319,359.09
250,0,0,0,0,0,0,0,2,0,2,1,3,0,4,3,0,6,557.9824,367.91
251,0,3,0,0,0,0,0,2,1,0,0,2,2,0,0,0,5,453.588,363.21
252,0,0,0,0,0,1,4,2,0,4,2,0,0,1,0,0,6,422.0367,371.26
253,0,0,0,0,0,0,4,0,0,0,1,0,4,4,0,0,4,521.9329,356.44
254,3,4,0,3,0,1,0,0,0,4,0,0,0,0,4,0,6,595.284,372.18
255,3,0,0,3,0,0,0,0,0,0,0,0,0,0,0,1,3,421.797,356.73
256,3,0,0,0,4,4,0,0,4,0,0,4,0,0,4,0,6,301.2768,379.45
257,0,0,0,0,0,1,4,0,0,0,0,0,4,0,0,4,4,415.2486,370.23
258,4,0,0,3,0,0,0,0,0,3,0,2,2,1,0,0,6,407.5253,370.81
259,0,4,0,0,0,0,3,0,1,0,0,0,0,2,0,0,4,702.8791,355.81
260,4,4,0,0,0,4,0,0,0,0,0,0,0,1,0,0,4,521.6023,375.13
261,1,0,3,0,0,1,0,0,0,0,4,0,3,0,1,0,6,461.3907,351.9
262,0,0,4,0,3,0,0,0,4,4,0,0,0,4,0,3,6,525.0375,373.73
263,4,0,0,0,3,0,2,2,0,0,0,0,0,1,3,0,6,564.2744,370.91
264,4,3,0,1,0,0,0,0,0,0,1,0,0,0,0,1,5,341.9287,367.94
265,0,2,0,1,0,0,3,0,0,0,1,3,4,0,0,0,6,277.8019,364.47
266,3,1,0,0,0,0,0,0,0,2,0,0,0,3,0,0,4,608.1973,354.36
267,2,1,0,0,2,0,0,2,1,0,1,0,0,0,0,0,6,438.6535,366.63
268,0,1,0,3,0,0,0,4,0,0,0,3,1,0,2,0,6,454.5701,361.32
269,0,0,0,0,0,0,3,0,0,0,0,0,0,0,3,0,2,703.0072,348.57
270,0,4,0,0,0,0,3,0,0,0,0,0,0,0,1,0,3,692.2108,350.52
271,0,0,2,1,4,0,0,0,0,0,0,2,0,0,0,0,4,441.7875,356.62
272,0,1,0,0,3,0,0,0,0,2,1,0,0,4,0,0,5,536.251,352.32
273,0,4,0,0,0,0,1,0,0,2,0,0,0,0,1,3,5,555.907,357.21
274,0,4,0,0,0,0,0,0,0,0,0,3,0,0,0,0,2,650.4901,350.63
275,0,0,4,0,0,0,0,0,3,0,0,0,0,1,1,3,5,636.482,358.74
276,0,0,0,0,0,0,3,1,0,2,4,4,0,0,0,0,5,287.6246,364.18
277,0,3,0,4,0,0,0,2,0,0,4,0,0,0,0,0,4,590.2968,357.85
278,0,0,1,3,3,0,0,0,0,3,0,4,0,0,0,1,6,261.4567,366.36
279,0,0,0,0,0,0,0,4,0,2,0,3,0,0,0,0,3,513.3114,356.53
280,0,0,0,0,0,4,0,0,1,0,0,0,0,2,0,0,3,576.9498,349.19
281,0,0,0,4,4,0,0,0,0,0,2,0,0,0,0,2,4,157.2794,371.76
282,0,0,1,0,2,0,0,0,3,0,0,0,0,0,0,0,3,585.4808,348.52
283,0,3,4,3,0,0,0,0,0,0,0,0,3,4,3,0,6,607.6332,364.93
284,3,0,0,0,0,0,0,0,0,0,0,3,0,0,0,0,2,512.4159,354.78
285,0,0,1,0,0,0,0,0,0,0,1,3,0,0,0,0,3,573.3179,345.27
286,0,1,0,2,0,0,0,4,3,3,0,0,0,0,0,0,5,391.6107,369.43
287,0,3,0,3,0,1,4,0,0,0,0,2,2,0,0,0,6,302.3348,369.5
288,0,0,4,0,4,0,3,0,4,1,0,0,0,0,0,0,5,531.8324,360.04
289,0,0,0,4,3,0,0,4,0,0,1,0,0,3,0,2,6,218.8467,374.14
290,0,0,0,0,2,0,0,1,0,0,0,0,0,0,0,0,2,569.7236,344.86
291,3,0,0,0,3,0,0,0,3,4,0,2,3,0,0,0,6,269.1201,376.82
292,0,2,3,0,0,0,3,1,0,0,0,0,2,0,0,1,6,456.6305,354.17
293,0,1,0,0,1,0,0,2,0,0,0,4,3,0,0,1,6,120.6845,233.32
294,1,0,0,0,4,4,0,0,0,4,4,0,0,0,4,0,6,220.3697,376.23
295,0,0,0,0,0,0,0,0,0,0,0,0,0,0,0,0,0,698.2553,339.92
296,0,0,4,0,3,0,2,0,0,0,0,0,0,0,0,0,3,583.4542,355.73
297,0,0,0,0,0,0,0,0,0,4,4,0,0,4,0,0,3,260.1998,363.54
298,3,0,0,4,1,2,0,0,0,0,0,0,0,0,0,0,4,304.0127,372.16
299,0,0,0,0,0,4,0,0,0,0,0,1,4,0,3,1,5,309.4783,365.2
300,0,0,0,0,1,0,0,4,3,0,0,0,0,0,0,0,3,483.7263,359.96
301,0,0,0,0,4,0,0,4,0,1,0,3,0,0,0,0,4,434.4068,358.93
302,0,4,0,0,0,4,0,1,0,0,0,0,0,0,0,0,2,644.9021,350.88
303,1,0,1,0,4,0,3,0,0,0,0,0,3,0,1,0,6,275.4399,357.46
304,0,1,0,0,0,3,0,0,0,2,0,0,0,0,0,0,3,571.974,349.61
305,0,3,2,0,0,0,1,0,0,3,0,0,0,0,3,3,6,721.5753,362.69
306,0,0,0,0,0,0,4,0,0,0,0,0,0,0,2,0,2,637.0066,349.19
307,0,4,0,0,3,0,3,0,0,0,0,4,0,0,3,0,5,601.472,364.56
308,0,0,3,1,0,0,0,0,0,0,0,0,0,0,1,2,4,605.9807,349.59
309,0,0,0,0,0,0,0,0,3,2,0,0,0,1,0,0,3,611.1665,348.08
310,0,2,2,0,0,0,2,0,0,0,0,1,0,4,0,1,6,612.443,354.49
311,0,0,0,0,0,0,0,1,0,4,2,0,0,0,0,0,3,419.2787,361.8
312,0,0,0,1,0,0,0,0,0,0,4,0,0,0,0,0,2,563.823,347.43
313,0,0,0,4,4,0,0,0,4,0,0,0,0,0,0,0,3,364.4725,358.32
314,0,2,0,0,0,0,3,0,1,3,0,0,0,1,1,0,6,598.1429,354.36
315,1,2,0,0,0,0,1,0,0,4,0,0,0,0,3,0,5,578.8689,351.07
316,0,0,0,0,0,0,0,0,1,3,0,2,0,0,0,0,3,543.0421,349.74
317,3,0,0,0,0,0,4,3,0,0,0,0,0,0,4,3,5,632.4421,372.24
318,2,0,0,3,4,0,0,0,0,1,0,0,0,0,0,0,4,232.9702,360.12
319,0,3,3,0,0,0,4,0,4,2,3,0,0,0,0,0,6,604.7898,365.07
320,0,0,0,0,0,0,2,0,1,1,0,0,0,0,0,3,4,539.3114,355.69
321,0,0,0,0,0,0,0,0,3,0,0,1,0,2,0,1,4,398.879,361.4
322,0,0,0,0,0,0,0,0,3,0,0,1,0,0,3,0,3,692.9236,349.89
323,0,3,1,2,0,0,0,0,4,4,0,0,0,0,0,1,6,365.8729,362.1
324,0,0,0,0,4,0,0,0,0,0,0,0,4,0,0,0,2,443.7241,351.75
325,0,0,0,1,2,0,2,1,0,0,2,0,0,0,2,0,6,478.1463,361.16
326,0,2,0,2,0,0,0,1,0,3,0,0,1,2,0,0,6,558.7084,353.46
327,0,3,0,0,4,0,1,3,0,3,0,0,0,0,0,0,5,487.4224,359.54
328,3,0,0,0,0,0,0,0,0,0,0,0,0,0,0,0,1,560.7961,351.34
329,0,0,3,0,1,4,1,0,0,0,0,0,0,0,0,0,4,486.1055,352.47
330,1,2,0,0,0,1,0,0,1,0,0,0,0,0,0,0,4,512.7047,353.24
331,0,2,0,0,0,0,0,0,0,0,0,0,4,0,0,0,2,617.1755,347.32
332,0,3,1,2,0,0,1,0,0,0,0,0,0,0,0,0,4,622.7855,349.17
333,0,0,4,3,0,0,0,0,0,2,0,0,0,0,4,2,5,568.2969,367.19
334,2,0,0,0,4,0,0,0,1,0,0,1,0,2,0,1,6,364.167,361.15
335,0,0,2,0,0,0,0,0,0,0,0,0,0,0,0,3,2,625.4228,350.74
336,1,0,3,0,2,0,2,0,0,0,0,0,0,0,3,0,5,463.5305,362.89
337,0,0,0,0,0,1,2,3,0,1,0,4,0,0,3,0,6,464.9649,361.82
338,0,0,4,0,2,0,3,3,0,3,3,0,0,0,0,0,6,438.7597,372.78
339,0,0,0,0,2,0,4,0,0,4,0,0,0,0,0,4,4,511.9232,370.02
340,0,2,0,1,2,3,0,0,0,0,0,0,0,1,0,0,5,584.0614,355.4
341,4,0,2,0,2,0,0,0,0,0,0,0,0,0,0,0,3,471.662,369.56
342,0,0,0,0,0,0,0,0,3,0,4,1,0,4,2,0,5,604.4006,357.89
343,0,0,1,0,0,2,0,0,0,2,3,0,0,0,0,3,5,493.7334,367.56
344,3,0,0,3,0,0,0,0,0,0,0,0,0,2,0,0,3,422.2258,358.65
345,0,0,2,1,4,0,0,0,2,0,2,0,0,0,3,0,6,494.4448,363.83
346,0,0,4,0,0,0,0,3,3,1,0,0,0,0,3,1,6,475.4041,367.5
347,0,0,0,0,0,0,0,2,2,0,0,1,0,4,0,3,5,504.5529,371.58
348,2,1,0,0,0,0,0,0,0,4,0,0,0,0,3,3,5,562.2503,364.84
349,0,0,0,3,4,4,0,0,0,0,0,2,0,2,0,0,5,387.2228,350.48
350,0,4,1,0,4,0,0,4,0,0,2,3,0,0,0,0,6,532.5716,365.69
351,0,0,0,1,0,0,0,0,0,0,0,2,0,0,0,0,2,593.8145,345.37
352,0,1,0,0,3,0,0,0,1,0,0,0,4,0,1,3,6,373.7833,362.21
353,0,0,0,2,0,0,4,0,0,0,0,0,4,0,0,0,3,444.9124,354.05
354,0,2,0,0,0,1,0,2,0,0,1,0,0,4,0,0,5,686.542,352.34
355,0,0,0,3,1,0,3,0,0,0,3,0,0,0,0,2,5,412.533,363.09
356,0,0,0,0,0,0,0,3,0,0,0,0,0,0,0,0,1,666.3543,344.57
357,0,2,0,0,0,0,3,1,0,0,0,2,0,4,0,2,6,473.9183,368.39
358,0,0,0,0,0,0,0,4,2,0,0,0,0,0,1,0,3,529.2502,359.59
359,0,0,0,4,2,3,0,4,0,0,0,0,0,0,2,0,5,328.8721,369.72
360,1,0,0,0,0,0,3,0,0,0,0,3,0,3,0,0,4,498.7068,354.57
361,1,0,3,0,0,0,0,0,0,0,0,0,0,0,0,0,2,599.5056,346.3
362,1,0,0,4,0,0,0,0,0,0,0,0,1,0,2,0,4,382.2657,351.49
363,0,0,0,0,4,0,0,0,0,3,3,0,0,0,0,0,3,366.7657,360.1
364,3,0,4,0,0,0,0,0,3,0,2,0,0,0,2,2,6,531.3585,376.1
365,0,3,0,3,0,3,0,0,0,0,3,0,3,0,3,0,6,599.2194,366.96
366,0,2,2,0,2,0,0,0,0,0,0,0,0,2,2,0,5,795.6038,350.4
367,1,0,0,0,4,4,2,2,0,0,0,0,0,3,0,0,6,252.639,373.59
368,4,0,0,3,0,2,0,1,0,0,0,0,0,0,3,0,5,444.2392,372.52
369,0,0,0,4,0,0,0,0,0,0,0,0,0,0,0,0,1,605.6835,344.95
370,0,1,0,2,0,0,3,0,0,2,0,0,0,2,0,2,6,452.5894,361.54
371,0,0,0,0,0,0,0,0,1,3,0,0,1,0,0,0,3,579.6364,346.86
372,0,1,1,0,1,0,0,0,0,0,0,0,0,0,0,0,3,624.9716,340.99
373,0,0,4,2,2,1,0,0,4,2,0,0,0,0,0,0,6,459.8532,365.82
374,0,3,0,0,3,0,1,2,3,0,0,0,3,0,0,0,6,496.3768,368.61
375,0,0,3,0,0,0,0,0,0,0,3,1,3,4,1,0,6,645.256,358.44
376,0,1,0,0,0,0,0,0,0,0,0,4,1,0,0,0,3,443.6801,349.4
377,0,0,1,0,0,1,0,3,0,0,0,0,0,0,3,0,4,697.9606,348.64
378,0,0,0,4,0,4,0,0,0,3,0,2,0,0,0,4,5,448.3494,373.31
379,0,0,0,1,0,3,0,0,0,0,0,0,0,0,0,0,2,617.027,346.61
380,0,3,3,0,0,0,0,0,2,0,2,0,1,0,0,0,5,678.4601,355.86
381,0,0,0,1,0,0,0,0,0,0,0,2,0,4,0,0,3,641.9632,349.89
382,0,2,0,0,0,0,0,0,0,0,0,3,0,0,0,0,2,624.2209,346.79
383,0,4,3,0,2,0,0,0,0,0,0,4,2,0,0,2,6,338.8681,372.42
384,1,0,0,0,1,0,2,0,0,3,0,1,1,0,0,0,6,432.4888,356.2
385,0,0,0,0,0,0,3,4,0,0,4,1,4,0,3,0,6,476.09,369.04
386,0,0,0,3,0,0,1,0,0,0,4,0,0,0,0,0,3,532.8369,349.58
387,0,0,0,0,0,0,0,0,0,0,3,1,0,0,0,0,2,626.8518,344.44
388,0,3,0,0,0,0,0,2,0,0,0,2,0,4,4,0,5,793.0119,359.82
389,1,0,0,0,0,0,0,0,2,0,0,0,0,0,0,0,2,527.714,346.14
390,0,0,0,0,0,0,0,1,1,0,0,3,2,2,0,0,5,434.8989,355.86
391,0,2,1,0,0,0,0,0,0,0,0,2,0,1,0,0,4,650.8019,346.34
392,0,0,0,3,0,0,0,0,0,0,4,0,0,0,0,0,2,538.5852,349.51
393,1,2,0,0,0,0,0,1,1,0,0,1,0,3,0,0,6,611.7818,349.39
394,0,0,0,1,1,0,0,0,0,0,0,0,0,0,3,0,3,685.9132,348.49
395,1,0,2,0,0,2,0,0,2,0,0,0,0,0,0,0,4,533.2031,359.03
396,0,3,0,0,0,2,0,0,2,0,0,4,0,2,4,0,6,649.248,365.81
397,0,2,0,1,0,1,4,0,2,0,0,0,0,0,0,4,6,460.9728,371.91
398,0,0,1,0,3,0,3,0,1,0,0,0,0,2,4,0,6,606.0062,360.89
399,0,0,0,4,0,0,0,4,1,0,0,2,4,0,0,0,5,198.2813,363.59
400,0,3,3,1,0,4,0,3,0,0,0,0,0,4,0,0,6,746.5429,362.38
401,0,1,2,1,0,0,0,0,2,0,0,0,2,0,0,0,5,469.9741,361.32
402,0,1,0,0,0,0,0,0,0,0,4,0,0,4,3,0,4,691.8983,353.93
403,1,0,3,0,0,0,0,3,2,0,1,0,0,1,0,0,6,553.0087,360.73
404,0,0,1,0,0,0,0,0,0,0,2,0,0,0,0,0,2,653.3159,343.64
405,0,0,0,0,2,0,0,0,0,0,0,0,0,0,0,0,1,612.848,344.31
406,0,0,4,0,0,0,0,0,0,4,0,0,0,0,0,0,2,673.0409,349.66
407,0,0,0,0,0,0,0,3,0,2,0,0,0,4,0,0,3,641.1232,353.04
408,0,0,0,1,0,0,3,2,0,2,0,4,3,0,0,0,6,229.4985,371.32
409,0,0,0,0,0,0,0,4,4,1,0,0,4,0,0,0,4,310.7192,369.67
410,0,0,0,0,0,0,0,0,0,0,3,4,0,0,4,0,3,610.8367,357.62
411,0,3,0,1,0,3,0,0,0,2,3,0,0,4,0,0,6,577.6587,362.79
412,0,2,0,2,0,2,1,0,1,0,0,3,0,0,0,0,6,451.6795,363.43
413,0,0,0,0,0,2,1,0,0,0,0,2,3,0,3,4,6,353.9051,393.28
414,4,0,0,0,0,0,0,0,0,4,2,0,0,1,3,2,6,378.5081,387.65
415,0,0,0,4,0,1,1,0,0,0,0,3,1,0,1,0,6,352.9538,357.77
416,3,0,0,0,4,0,2,0,0,0,0,0,0,0,0,1,4,346.9488,364.77
417,4,0,0,0,0,4,1,0,3,3,0,0,0,0,0,2,6,494.7098,378.71
418,0,0,4,2,0,3,0,0,0,3,1,1,0,0,0,0,6,559.0783,360.18
419,0,0,0,2,0,0,3,0,4,0,0,0,0,0,0,0,3,531.2227,354.64
420,0,3,0,0,3,1,0,0,0,0,4,0,2,2,0,0,6,556.6749,359.24
421,0,0,0,0,0,4,0,3,2,1,0,0,0,0,0,0,4,490.445,360.79
422,0,0,0,2,0,0,0,3,2,0,0,0,0,0,0,3,4,520.1796,365.39
423,0,0,1,0,4,0,1,1,0,0,3,0,0,3,0,0,6,481.1361,353.13
424,1,0,3,4,0,0,0,2,0,0,0,0,2,0,0,2,6,357.4362,364.17
425,0,0,0,0,4,0,0,2,0,1,0,2,2,0,0,0,5,357.1549,363.64
426,0,0,0,0,0,0,0,0,2,0,0,4,0,2,0,0,3,546.301,354.14
427,0,0,0,1,0,0,0,0,0,0,0,0,0,0,0,0,1,660.4455,341.76
428,0,1,0,0,0,0,0,0,1,0,0,0,0,0,0,0,2,607.3991,342.31
429,4,0,1,0,0,1,0,0,0,0,2,0,3,0,4,0,6,591.5675,363.04
430,0,0,0,0,0,1,0,0,0,0,0,0,0,0,0,0,1,658.6581,341.3
431,4,4,4,0,0,0,0,0,0,0,0,0,0,4,4,4,6,311.1286,425.54
432,0,0,0,0,0,0,0,0,0,4,1,0,0,0,0,0,2,507.2717,351.85
433,0,1,1,0,0,0,4,3,0,0,0,0,0,0,3,2,6,535.9519,359.32
434,0,4,0,2,0,2,0,3,1,0,0,1,0,0,0,0,6,579.9281,365.31
435,0,4,0,0,3,0,0,1,0,0,0,2,1,0,1,0,6,570.0496,360.01
436,0,4,0,0,0,0,0,0,0,0,0,1,3,4,0,0,4,614.7244,361.32
437,0,0,1,3,0,0,0,0,0,0,1,0,0,2,0,0,4,616.8414,344.35
438,0,0,0,1,0,4,0,0,0,3,3,0,2,0,2,0,6,475.0521,369.69
439,0,4,0,1,0,0,0,0,0,0,0,0,0,3,0,0,3,793.5362,348.43
440,0,0,0,0,0,0,4,0,0,0,0,4,0,0,0,4,3,427.9248,367.05
441,0,3,0,0,4,0,0,0,0,1,0,0,0,3,2,0,5,640.0736,350.81
442,0,0,0,1,2,0,1,0,2,0,1,0,0,2,0,0,6,503.8126,352.05
443,0,0,0,4,2,4,0,3,0,0,0,0,0,3,0,0,5,274.537,365.24
444,1,0,0,0,0,0,0,0,1,0,0,0,0,3,0,2,4,504.1898,354.19
445,2,2,0,0,1,0,0,1,0,3,0,0,0,0,0,4,6,574.6769,370.31
446,0,0,0,4,0,0,0,0,0,0,0,0,0,0,4,0,2,633.9594,350.72
447,0,1,0,0,4,4,2,0,0,0,0,0,2,0,1,0,6,386.8286,360.2
448,0,0,0,0,0,0,0,1,0,0,0,0,0,0,0,3,2,513.2489,353.84
449,0,0,2,0,3,0,0,0,1,3,3,0,0,1,0,0,6,454.1407,361.05
450,0,3,0,1,0,0,0,0,0,0,0,0,0,0,0,0,2,738.517,345.24
451,0,0,0,0,0,0,0,0,0,0,0,0,3,2,0,0,2,661.1574,345.72
452,0,0,0,0,0,0,4,0,0,0,0,0,0,0,0,3,2,519.741,354.81
453,0,0,0,0,2,0,2,4,0,0,0,0,0,0,2,3,5,499.3442,368.55
454,2,0,0,0,0,1,0,0,0,0,0,0,0,0,0,0,2,532.0254,349.52
455,0,0,0,0,0,1,0,0,0,4,1,0,4,0,3,0,5,508.3753,360.65
456,3,0,0,0,4,0,3,0,0,3,0,0,4,0,0,1,6,231.734,375.42
457,0,1,1,0,1,0,0,0,0,0,1,0,0,0,0,0,4,607.0066,340.78
458,0,3,0,0,0,0,0,0,0,0,0,0,4,1,0,4,4,507.7587,364.59
459,0,2,0,0,0,0,2,3,3,0,0,0,0,0,1,4,6,543.0839,374.77
460,2,4,0,2,0,3,0,0,0,0,0,0,0,0,4,0,5,576.0603,371.54
461,1,0,0,0,2,0,0,0,0,0,3,0,0,1,0,0,4,371.192,350.95
462,0,0,0,4,0,0,0,0,3,0,0,2,3,0,0,0,4,409.6526,358.76
463,2,4,0,0,4,0,4,0,0,0,0,0,0,0,3,0,5,455.5918,373.41
464,1,0,4,0,4,1,0,0,0,0,0,0,0,0,4,4,6,203.6923,371.0
465,1,3,3,0,4,0,0,0,0,0,2,0,0,0,0,0,5,442.2188,359.16
466,0,2,0,0,0,4,0,3,0,2,1,0,0,0,3,0,6,601.4831,365.46
467,0,0,0,3,0,0,4,4,0,0,0,3,2,0,1,0,6,284.9282,367.37
468,0,3,0,3,0,0,0,0,0,0,0,0,0,0,0,0,2,676.9635,348.7
469,4,0,0,3,0,0,0,1,0,0,0,0,0,0,0,0,3,517.8374,360.61
470,4,1,0,0,0,0,0,0,2,0,0,4,0,0,0,1,5,487.05,360.54
471,0,0,0,0,0,1,1,3,0,0,0,0,0,0,0,0,3,578.2719,348.51
472,4,4,3,0,0,0,0,0,0,0,0,0,0,3,4,4,6,437.9751,415.46
473,0,0,0,4,4,0,0,0,0,0,0,4,4,0,0,0,4,85.9825,344.31
474,4,0,0,0,0,0,1,0,3,1,0,0,0,0,0,0,4,618.9696,359.05
475,0,0,0,0,4,4,0,0,2,0,2,0,0,0,0,0,4,309.3527,354.13
476,0,3,1,0,0,0,0,0,0,2,0,0,0,0,0,0,3,722.3029,347.37
477,3,0,0,0,0,1,0,4,0,0,0,3,3,0,0,1,6,98.1928,360.4
478,0,2,1,0,0,0,1,0,1,0,0,0,2,0,0,2,6,519.582,354.01
479,0,3,0,0,2,0,2,0,4,0,0,2,0,0,4,0,6,663.9,367.9
480,0,0,1,0,0,0,1,0,0,0,0,0,0,0,3,4,4,582.9616,363.37
481,0,0,4,0,2,4,0,0,0,0,0,0,1,3,4,0,6,668.6033,362.99
482,0,0,0,0,4,1,0,0,3,0,0,2,0,0,3,0,5,521.4751,360.29
483,0,0,4,3,0,0,0,1,1,0,0,0,0,0,2,0,5,620.7452,355.14
484,0,0,0,0,3,0,0,0,0,0,0,0,1,0,3,0,3,668.344,349.13
485,0,0,0,0,0,0,0,0,4,0,4,0,0,0,0,0,2,543.6176,352.83
486,0,0,0,0,1,1,0,0,0,0,0,0,3,0,0,0,3,599.2366,344.67
487,0,0,0,1,0,0,0,4,0,0,0,0,0,0,0,0,2,612.487,347.44
488,0,0,0,0,0,4,0,0,3,2,4,3,0,3,0,0,6,266.3067,374.13
489,0,0,1,0,0,1,0,0,0,0,0,0,3,0,0,0,3,606.9073,343.66
490,0,0,0,0,0,0,2,0,0,3,3,1,0,4,3,0,6,554.4798,366.68
491,0,0,0,2,0,0,0,0,0,2,3,4,4,0,0,1,6,86.6488,342.08
492,0,0,0,0,0,0,0,4,0,0,0,0,0,3,0,0,2,702.1635,348.16
493,0,0,0,1,0,0,2,0,0,0,0,0,0,3,0,2,4,522.1556,357.75
494,0,0,4,4,0,0,3,0,0,0,2,0,0,0,1,4,6,539.0735,369.16
495,0,0,1,2,0,2,2,0,2,0,0,0,4,0,0,0,6,407.311,364.03
496,1,0,0,0,3,2,0,0,2,0,0,0,0,4,3,0,6,465.1764,360.29
497,0,0,0,0,3,4,0,1,0,0,2,0,0,0,0,0,4,460.3599,354.31
498,2,0,0,0,0,0,4,0,0,0,3,4,0,4,0,1,6,343.2665,369.05
499,2,0,0,2,3,0,0,0,0,0,0,2,2,2,0,0,6,198.1179,378.7
500,3,0,3,1,3,0,0,0,0,2,0,0,0,0,0,0,5,439.1634,369.84
501,0,0,0,1,0,4,0,0,0,1,1,2,0,0,0,0,5,505.4569,353.91
502,0,0,0,0,0,0,0,2,0,0,3,0,0,0,3,0,3,674.5158,353.77
503,0,4,0,0,3,0,0,0,0,0,0,2,0,2,2,3,6,482.405,374.29
504,0,0,0,0,3,0,2,0,1,0,0,2,0,4,0,2,6,400.555,367.48
505,0,0,0,0,0,0,0,2,0,0,0,0,0,0,2,0,2,691.5505,347.43
506,0,2,0,0,0,0,0,0,0,0,0,0,1,0,0,3,3,564.5231,354.57
507,0,4,0,0,0,0,1,3,0,0,0,0,0,0,0,0,3,725.2086,351.35
508,0,0,0,0,0,2,0,0,0,0,0,0,0,0,4,3,3,674.6439,361.09
509,0,0,0,1,0,0,2,1,1,0,0,0,0,0,0,3,5,423.5385,361.23
510,1,0,4,0,0,1,0,0,2,0,0,0,2,0,0,3,6,557.9388,361.9
511,0,0,4,0,0,4,1,0,0,1,0,2,4,0,0,0,6,197.1517,366.57
512,0,0,4,0,0,0,0,0,0,3,0,0,2,0,0,3,4,479.806,364.79
513,0,0,0,0,3,0,0,4,0,0,0,2,0,0,0,0,3,531.3939,353.95
514,1,1,0,0,0,0,0,0,0,0,0,0,0,0,0,0,2,535.7529,343.01
515,2,0,0,0,0,0,0,0,0,2,0,0,0,0,0,1,3,511.0079,351.77
516,0,0,0,0,0,0,0,0,4,2,1,0,0,0,0,4,4,570.4704,368.94
517,0,0,0,0,0,0,2,0,0,4,0,3,0,0,0,0,3,462.937,357.48
518,0,0,0,4,0,0,3,0,0,0,0,0,0,0,3,0,3,547.3343,356.74
519,0,0,0,0,0,0,3,0,2,3,4,0,1,0,0,4,6,450.703,384.8
520,0,0,0,0,0,2,0,0,0,0,0,0,0,0,0,0,1,670.6189,343.27
521,0,4,0,4,2,0,0,0,0,0,4,0,0,3,0,1,6,317.2951,370.8
522,0,3,3,0,0,0,0,0,0,0,0,0,0,3,4,0,4,797.1179,353.73
523,0,3,0,2,0,0,0,0,1,2,3,0,0,3,0,0,6,580.5905,361.36
524,0,0,2,0,0,4,0,0,3,0,1,0,3,0,0,0,5,561.1512,355.84
525,0,1,0,0,0,0,0,4,3,0,2,1,0,0,0,0,5,463.8644,364.57
526,0,0,0,0,0,0,3,4,2,0,0,1,1,1,0,0,6,385.1788,364.94
527,4,1,0,1,0,1,0,0,0,0,0,0,0,4,0,0,5,634.7722,364.86
528,0,0,3,0,0,0,0,0,0,0,0,0,0,0,0,2,2,602.1897,349.29
529,2,0,0,0,0,0,0,2,2,0,0,3,3,0,3,0,6,369.5449,373.75
530,0,2,0,2,0,4,2,0,0,1,0,0,4,0,0,0,6,428.874,364.66
531,0,0,2,0,4,0,4,0,0,0,1,3,0,0,0,1,6,302.0005,360.07
532,0,0,0,2,0,0,0,0,0,0,0,0,0,0,0,0,1,648.3804,343.07
533,0,0,0,0,0,0,0,0,3,0,3,0,0,0,0,0,2,586.5654,350.3
534,0,0,0,0,0,1,0,0,0,0,0,0,0,0,2,3,3,590.9903,356.55
535,0,0,0,0,4,0,0,0,0,4,0,0,0,0,0,0,2,466.4233,350.88
536,4,1,0,1,4,0,0,4,0,0,0,0,0,0,0,0,5,397.7616,377.84
537,1,0,4,0,0,0,3,0,0,0,0,0,2,2,0,0,5,546.637,356.89
538,0,3,0,0,3,0,4,2,0,1,0,0,0,0,0,0,5,554.0253,360.47
539,2,0,0,4,3,0,0,2,0,0,0,0,0,0,0,0,4,174.9739,366.53
540,0,0,0,0,0,0,3,0,0,0,0,0,0,0,0,0,1,612.2105,345.91
541,0,0,0,2,0,3,0,4,2,0,0,0,4,0,0,3,6,373.0351,376.97
542,0,0,0,0,0,3,0,0,0,3,0,0,1,1,1,0,5,541.9416,349.47
543,0,0,3,0,0,3,0,2,4,3,0,2,0,0,0,0,6,415.3058,370.04
544,3,3,3,0,0,0,0,0,0,0,0,0,0,0,0,2,4,579.4407,365.14
545,0,0,4,1,0,0,0,0,0,0,2,4,3,0,0,4,6,372.4325,385.21
546,1,0,0,2,0,0,0,0,1,0,4,0,2,0,0,4,6,400.1207,367.39
547,0,0,0,1,4,0,4,0,0,1,1,0,3,0,0,0,6,327.249,366.58
548,0,0,0,0,0,0,0,0,3,0,3,4,0,0,0,2,4,370.3288,367.69
549,0,0,0,0,0,0,2,0,2,0,0,0,0,0,1,1,4,486.627,349.62
550,0,4,0,0,0,0,2,2,0,0,0,0,0,0,0,0,3,695.9693,354.21
551,0,4,0,0,4,0,0,0,2,0,0,0,0,3,3,0,5,659.0614,360.78
552,0,0,0,2,2,0,0,0,0,0,0,0,0,0,0,3,3,412.4481,360.12
553,0,2,4,4,0,0,0,3,0,0,0,0,0,0,0,0,4,408.2967,355.97
554,0,0,0,0,0,0,0,1,0,0,3,2,0,0,2,3,5,452.3598,374.13
555,0,0,0,0,0,0,0,0,0,0,1,0,0,1,0,0,2,664.883,341.05
556,1,0,0,0,0,0,0,0,0,0,0,3,0,0,0,0,2,493.6472,347.51
557,0,0,0,0,3,3,0,0,0,0,0,4,0,3,2,4,6,336.9617,385.68
558,0,2,0,0,0,1,0,0,0,1,0,0,0,0,2,0,4,705.3756,343.02
559,0,2,0,0,0,0,0,0,0,0,0,0,3,4,0,2,4,506.3793,362.2
560,2,0,0,0,0,3,1,0,0,2,0,3,0,0,3,0,6,432.3768,364.66
561,3,0,0,0,2,3,2,0,0,0,4,2,0,0,0,0,6,384.192,374.25
562,0,0,1,1,0,0,0,4,0,2,4,2,0,0,0,0,6,186.527,365.28
563,0,0,0,0,0,0,0,0,0,0,0,0,4,0,0,1,2,390.0926,349.44
564,0,0,0,2,0,0,0,0,0,0,3,0,0,0,0,1,3,468.8404,349.89
565,4,0,0,0,0,2,2,3,0,0,0,0,0,2,0,0,5,598.9562,373.44
566,0,0,4,0,0,0,1,3,3,0,0,0,0,0,3,0,5,705.3774,363.32
567,0,0,0,0,0,2,1,0,4,1,1,0,0,0,0,0,5,547.9433,353.54
568,0,0,0,0,0,0,0,0,0,0,2,0,0,0,1,0,2,609.9389,344.47
569,0,0,4,2,2,0,0,0,0,0,0,2,0,0,3,0,5,475.37,366.41
570,0,0,1,0,0,0,0,0,1,0,2,1,0,0,0,0,4,616.9988,343.76
571,1,0,0,0,1,0,0,1,0,0,0,1,0,4,0,0,5,547.8785,344.46
572,0,3,0,0,0,0,0,4,0,0,4,1,0,1,4,0,6,761.6521,359.49
573,3,0,1,1,3,2,0,0,0,1,0,0,0,0,0,0,6,378.4374,366.7
574,0,0,0,0,4,1,0,0,0,0,0,0,0,0,4,0,3,620.0414,350.36
575,0,0,0,0,0,2,3,1,2,3,0,0,0,0,0,1,6,397.0907,368.91
576,0,0,0,0,0,1,0,0,2,0,1,2,0,0,1,4,6,517.9044,368.71
577,2,0,0,2,0,0,0,2,3,0,0,0,0,0,0,3,5,514.5037,372.77
578,0,4,0,0,0,2,0,0,0,0,0,0,1,0,0,0,3,682.2748,351.94
579,0,0,0,2,0,2,0,0,4,0,0,0,4,0,1,1,6,350.4436,359.16
580,0,0,4,0,0,0,0,2,0,0,2,0,0,0,0,1,4,536.5593,351.67
581,0,0,0,2,0,4,0,2,0,0,0,4,4,0,0,1,6,188.55,361.29
582,0,0,1,0,0,0,0,0,0,0,3,4,0,0,0,0,3,512.402,349.58
583,0,2,2,0,0,0,0,1,0,0,0,0,0,1,0,1,5,584.7514,347.4
584,0,3,0,4,0,0,0,0,0,1,0,0,1,0,0,0,4,615.5534,349.93
585,3,0,0,2,2,0,0,1,0,2,0,0,0,3,0,0,6,351.4317,362.4
586,0,2,3,0,0,0,4,0,2,0,0,0,0,1,4,0,6,697.8036,359.87
587,0,0,0,0,0,4,3,0,0,0,2,4,0,3,0,0,5,321.6195,368.13
588,0,0,0,0,0,0,0,3,0,0,0,2,0,0,2,0,3,612.2031,352.44
589,0,0,1,0,0,0,3,0,0,4,4,4,0,0,0,0,5,269.7457,368.63
590,0,0,0,4,0,0,0,0,4,0,1,0,3,0,0,0,4,461.3304,355.53
591,0,0,2,0,0,4,0,0,0,0,0,0,0,0,0,0,2,628.3545,348.29
592,0,0,0,0,0,0,0,0,4,0,0,4,0,0,2,0,3,490.8897,360.42
593,1,0,0,0,0,0,0,0,0,0,0,2,0,0,0,0,2,510.1173,346.6
594,0,0,0,0,0,4,0,0,0,1,0,0,0,3,1,1,5,520.138,350.46
595,0,0,0,0,2,0,0,4,2,0,0,0,0,0,2,0,4,561.4645,363.77
596,1,0,4,0,0,0,0,0,0,0,0,0,0,2,0,0,3,641.8715,347.96
597,1,0,2,2,1,1,0,0,0,0,0,0,0,2,0,0,6,433.7777,357.71
598,0,0,0,1,0,0,0,0,4,0,0,1,0,0,0,0,3,588.7641,347.09
599,0,0,0,0,1,0,0,0,0,0,2,0,0,0,0,0,2,656.1979,343.44
600,3,0,0,0,0,0,3,4,4,0,0,0,0,0,2,0,5,277.8807,382.5
601,4,0,0,2,0,0,0,0,0,0,0,0,0,2,0,0,3,618.1717,359.81
602,0,0,3,0,0,0,0,0,3,0,0,0,1,0,1,0,4,678.5184,347.47
603,0,0,0,1,2,0,0,2,0,2,0,0,0,2,0,1,6,415.4277,358.9
604,0,0,2,0,0,1,0,1,1,0,0,0,0,0,0,0,4,641.1544,346.6
605,0,0,0,0,2,0,1,4,3,0,0,0,3,3,0,0,6,457.3329,364.36
606,0,0,0,0,0,0,3,0,0,0,0,0,0,0,0,2,2,524.0781,351.43
607,0,0,2,0,4,0,0,4,2,0,3,0,0,0,0,0,5,471.7744,368.59
608,0,2,0,0,0,0,4,0,0,0,4,2,0,2,0,0,5,590.9947,358.83
609,0,3,2,0,0,0,2,0,1,0,0,2,0,0,3,0,6,669.8321,356.23
610,0,0,3,0,0,0,0,4,0,0,4,0,0,0,0,0,3,588.4068,353.78
611,2,0,2,0,0,0,3,0,0,0,0,0,2,0,3,1,6,438.367,361.88
612,3,1,4,0,0,0,3,3,0,2,0,0,0,0,0,0,6,481.6465,370.14
613,0,3,0,0,0,0,0,0,0,0,2,2,1,3,0,0,5,662.9447,358.92
614,0,0,0,0,0,0,0,3,2,0,3,4,2,0,0,0,5,364.9875,372.28
615,2,0,0,0,0,0,1,1,0,2,0,3,0,0,0,0,5,448.9414,358.89
616,0,0,0,3,0,1,0,3,0,0,0,4,4,0,1,0,6,155.7526,369.16
617,0,0,1,0,0,0,0,0,0,0,2,4,0,2,0,0,4,297.4356,359.12
618,0,4,1,0,0,0,1,0,3,2,0,2,0,0,0,0,6,618.1487,359.48
619,4,0,0,0,0,0,2,0,1,0,3,0,0,0,1,0,5,510.1147,373.52
620,1,0,0,0,0,0,2,0,4,0,0,0,1,2,0,0,5,480.2049,354.65
621,0,0,0,3,4,0,0,0,0,2,0,0,0,1,2,1,6,350.0422,367.22
622,4,0,2,2,0,0,0,4,1,3,0,0,0,0,0,0,6,485.5242,375.19
623,0,0,0,3,0,4,0,0,0,0,0,0,0,4,0,0,3,623.7414,351.94
624,0,3,1,0,0,0,0,0,0,2,0,0,0,0,0,1,4,595.2282,350.85
625,0,4,3,0,0,3,0,4,0,2,1,0,0,0,0,0,6,619.3871,367.97
626,0,2,0,0,0,0,0,0,0,0,0,0,0,0,0,0,1,714.8135,342.94
627,0,4,0,0,0,2,3,0,1,0,1,0,0,0,0,0,5,550.8605,366.18
628,2,0,4,1,0,0,0,0,0,1,0,0,0,0,0,4,5,615.8933,367.3
629,1,0,0,4,0,0,0,0,0,0,1,0,0,1,0,0,4,377.909,346.77
630,0,0,0,1,0,0,4,0,0,0,0,0,0,0,0,0,2,570.2546,348.03
631,0,3,0,3,1,0,3,0,0,4,0,0,0,0,0,2,6,456.7466,368.87
632,0,0,0,4,0,0,0,0,0,3,0,3,0,1,0,1,5,312.0256,359.73
633,4,0,2,0,1,0,0,2,0,2,0,0,0,2,0,0,6,618.7521,367.72
634,1,1,3,0,0,0,0,0,0,0,0,0,0,3,0,0,4,656.4371,346.76
635,0,1,0,0,0,3,0,0,3,1,4,0,0,0,0,4,6,534.1682,370.78
636,1,0,0,0,2,3,0,0,0,0,4,0,0,3,0,4,6,457.7543,367.14
637,3,0,2,0,4,2,0,0,0,0,0,0,0,4,0,1,6,410.6278,372.03
638,0,3,2,0,3,0,1,0,0,0,0,0,0,0,1,0,5,578.2939,350.79
639,1,0,1,3,0,0,0,0,0,3,3,0,0,0,2,0,6,351.0678,361.03
640,0,0,0,0,2,0,2,1,0,0,0,0,0,0,4,0,4,603.6137,356.05
641,0,0,0,0,0,0,0,0,0,4,0,0,0,0,4,0,2,677.3209,351.85
642,0,0,3,0,0,0,0,0,1,0,3,4,0,2,0,0,5,583.8639,353.08
643,0,0,0,0,1,0,0,1,0,0,4,0,0,0,0,0,3,540.29,347.67
644,3,2,0,0,0,4,1,0,0,2,0,2,0,0,0,0,6,406.4635,371.55
645,0,0,0,0,3,0,0,0,0,0,0,0,0,0,0,0,1,599.4318,344.99
646,0,0,0,4,0,0,3,0,0,0,0,3,0,0,2,0,4,400.5152,374.68
647,0,1,0,4,0,0,0,0,0,0,0,0,0,0,0,0,2,550.841,345.95
648,1,1,0,2,0,0,0,0,3,0,0,4,0,4,0,0,6,404.9637,360.23
649,0,0,0,0,0,0,0,1,0,0,4,0,0,0,2,0,3,590.3846,353.05
650,0,0,3,0,0,0,0,0,3,1,1,0,0,0,0,0,4,651.5868,348.8
651,0,0,0,4,2,4,2,3,3,0,0,0,0,0,0,0,6,242.8431,315.11
652,0,0,0,0,0,0,0,0,0,0,0,0,0,0,1,4,2,558.5041,356.29
653,0,0,0,0,1,3,0,0,0,0,0,0,0,0,0,4,3,622.8127,356.28
654,4,0,1,0,0,0,0,4,1,0,0,0,0,4,0,0,5,594.907,366.55
655,0,2,0,0,0,0,0,1,0,0,0,0,0,0,0,0,2,714.5227,344.44
656,2,0,0,0,0,0,1,2,0,0,4,0,0,1,4,0,6,558.184,359.25
657,0,0,0,0,3,3,0,3,0,0,0,0,0,0,0,0,3,532.7737,354.02
658,0,0,0,1,0,4,0,4,0,0,0,0,0,0,0,0,3,541.5668,353.94
659,0,0,0,2,0,0,0,4,0,0,0,0,0,2,0,0,3,654.7165,349.36
660,0,3,0,1,4,0,0,0,0,1,0,0,3,0,2,0,6,429.0,362.24
661,0,0,0,3,0,0,0,2,0,3,0,0,0,0,0,0,3,504.8366,353.21
662,0,2,0,4,0,3,2,0,0,0,0,0,0,0,2,0,5,532.8713,368.57
663,0,0,0,0,4,1,0,0,3,2,0,0,0,0,4,0,5,564.3531,360.84
664,0,0,0,1,0,0,0,0,3,0,0,0,0,0,0,0,2,620.8228,346.06
665,0,2,0,0,0,4,0,0,0,0,0,0,3,0,0,0,3,596.8058,351.84
666,0,0,0,0,0,0,0,0,0,0,2,0,0,4,0,0,2,721.1277,346.83
667,2,0,4,3,4,0,0,0,0,0,0,1,0,0,1,0,6,300.7338,366.39
668,0,0,0,0,0,0,3,0,2,0,0,0,0,0,0,0,2,595.8203,349.37
669,1,0,0,4,0,0,0,0,0,4,0,1,0,0,0,3,5,309.6059,362.03
670,0,1,0,0,0,0,0,3,0,0,0,0,4,0,0,0,3,532.2473,349.78
671,4,1,0,0,0,0,0,0,0,0,0,0,0,0,0,0,2,558.1551,356.26
672,0,3,4,0,0,0,1,0,3,0,0,0,2,0,0,0,5,659.262,355.85
673,0,0,0,0,0,0,3,0,0,3,0,0,0,3,0,0,3,607.7842,353.03
674,0,1,0,0,3,0,0,2,0,0,2,2,0,2,0,0,6,524.7878,357.25
675,0,0,0,0,0,0,4,3,0,0,0,0,0,0,0,0,2,526.8474,351.89
676,4,0,0,0,0,2,1,4,0,3,0,0,0,3,0,0,6,543.4626,371.69
677,0,4,0,0,3,0,1,0,0,0,0,1,0,0,0,0,4,616.6783,351.98
678,0,3,0,0,3,0,0,0,0,0,0,1,0,0,0,4,4,618.2131,362.51
679,0,0,0,4,0,0,0,4,0,2,0,4,0,0,0,0,4,396.489,361.96
680,3,0,0,0,0,0,0,0,0,4,4,3,3,2,0,0,6,108.4632,325.16
681,4,0,0,2,0,0,0,0,1,0,0,0,3,4,1,0,6,567.8799,363.46
682,0,0,0,0,3,2,0,0,0,0,0,0,3,0,0,3,4,423.1828,360.97
683,2,4,4,2,0,0,0,0,0,0,0,0,0,3,0,0,5,348.1989,385.16
684,0,0,0,0,0,0,1,0,0,0,0,4,0,1,3,0,4,556.0346,349.41
685,1,0,0,0,0,0,0,1,1,0,0,0,0,0,0,4,4,511.8611,355.41
686,2,0,0,0,0,2,3,0,3,0,0,0,0,0,2,4,6,406.2176,385.74
687,0,3,2,3,2,0,0,0,0,0,0,0,3,3,0,0,6,352.6972,367.09
688,0,0,0,3,0,0,1,0,0,0,0,0,1,0,1,0,4,544.4373,344.38
689,0,0,0,1,0,0,0,0,0,0,0,0,0,0,0,3,2,556.374,350.99
690,0,0,0,2,0,0,0,0,0,0,0,0,0,0,3,0,2,664.7455,347.43
691,2,0,0,0,0,0,0,0,0,3,0,0,0,0,0,2,3,496.6275,358.55
692,0,0,0,0,1,3,0,0,0,0,1,0,0,0,0,0,3,590.395,346.1
693,0,1,0,3,0,1,0,0,4,0,0,0,0,0,1,3,6,457.0454,359.49
694,1,0,0,1,0,4,0,3,0,2,2,0,0,0,0,0,6,346.4835,367.19
695,0,0,0,0,2,0,0,0,3,3,1,0,3,2,0,0,6,431.4026,361.12
696,0,0,0,1,1,0,2,0,0,0,0,4,0,0,0,3,5,368.6575,362.23
697,0,2,3,1,0,0,0,0,0,0,3,0,0,0,0,0,4,708.7692,349.76
698,0,0,4,0,0,0,0,0,0,0,0,0,0,0,0,0,1,778.8128,342.76
699,0,0,0,1,0,0,0,2,1,0,0,0,0,4,0,2,5,549.2175,359.37
700,1,0,0,0,0,0,0,0,1,0,0,0,0,0,0,0,2,526.7735,344.99
701,0,4,0,0,0,0,0,2,0,0,0,0,0,0,0,0,2,733.782,350.32
702,0,3,0,1,3,0,3,1,1,0,0,0,0,0,0,0,6,495.5146,361.13
703,0,0,0,3,0,0,4,0,0,4,0,0,0,0,2,0,4,527.3701,359.76
704,0,4,0,0,0,1,0,2,0,0,0,0,4,2,0,1,6,380.6296,361.82
705,0,0,0,0,0,0,0,0,0,2,1,0,0,0,0,0,2,576.8431,347.88
706,0,0,0,0,0,0,0,3,3,0,0,3,0,0,0,0,3,512.7709,360.81
707,4,0,0,2,0,0,0,2,0,3,0,0,0,0,4,2,6,448.1822,384.37
708,0,0,0,0,0,1,0,0,0,0,0,2,0,4,0,0,3,630.5759,349.99
709,2,0,0,0,3,0,0,0,0,0,0,0,0,0,4,0,3,436.4748,358.34
710,0,1,4,0,0,2,0,0,0,0,2,0,2,0,0,0,5,610.4264,351.86
711,0,0,2,0,0,0,0,0,0,0,0,0,0,0,0,0,1,713.8371,342.08
712,0,0,0,0,0,1,0,0,0,0,0,0,0,0,0,2,2,533.6324,348.53
713,0,0,2,0,0,1,0,0,0,0,0,4,1,0,1,0,5,462.2551,349.08
714,3,0,3,0,0,0,0,4,4,0,0,0,0,0,0,0,4,433.5201,377.66
715,0,0,0,0,0,0,0,3,0,0,0,0,0,0,4,3,3,623.7961,364.64
716,0,0,0,0,0,0,3,4,4,3,0,3,0,0,2,0,6,139.5167,379.51
717,0,0,0,1,4,0,0,0,0,0,0,0,0,4,0,0,3,511.8273,348.64
718,0,0,0,0,0,0,0,0,0,3,3,0,0,2,0,3,4,402.5358,375.79
719,1,0,0,0,3,0,0,1,0,1,0,2,0,0,0,0,5,353.913,352.43
720,2,0,0,1,0,0,0,0,2,4,0,0,0,4,0,1,6,474.6527,363.03
721,0,0,0,0,3,0,0,0,0,3,0,0,0,2,4,0,4,605.6414,355.97
722,0,3,0,0,0,0,0,1,2,0,0,0,2,0,0,0,4,633.2586,355.57
723,1,0,0,0,0,2,0,1,1,0,0,0,0,0,0,0,4,486.5581,349.23
724,0,0,0,4,0,4,0,0,2,0,0,0,0,0,0,0,3,489.8146,356.38
725,4,2,1,0,0,0,0,0,0,0,0,0,0,0,0,0,3,517.132,366.04
726,0,0,2,3,0,0,0,0,0,1,0,0,0,0,0,0,3,640.3205,344.88
727,0,0,2,0,0,0,0,0,2,0,0,0,0,0,0,0,2,696.1533,345.75
728,0,0,0,3,2,0,0,4,0,0,0,0,0,0,0,4,4,385.9985,366.7
729,0,0,0,0,0,0,0,0,3,0,0,0,1,4,0,0,3,690.5424,349.21
730,0,0,0,0,0,3,4,3,0,0,1,0,0,2,0,0,5,453.9275,366.05
731,0,0,4,0,0,1,0,0,1,0,0,4,0,0,4,3,6,493.325,373.81
732,0,0,0,1,0,0,0,2,0,4,2,0,0,0,0,0,4,400.5325,364.62
733,0,0,1,0,0,0,2,1,0,0,0,2,0,0,2,4,6,519.1452,371.33
734,3,3,0,4,0,0,0,0,4,0,2,0,4,0,0,0,6,429.9209,377.54
735,0,0,0,0,2,3,0,0,0,0,0,0,0,0,0,4,3,608.067,358.92
736,1,0,0,1,0,0,1,0,4,0,0,2,0,0,0,0,5,416.4071,355.68
737,0,1,0,1,2,0,0,3,0,0,0,0,0,3,1,0,6,566.2811,353.45
738,0,1,0,0,0,4,0,0,0,0,0,0,0,0,3,0,3,653.3508,347.49
739,0,1,0,0,3,1,0,3,2,0,0,0,3,0,0,0,6,442.3787,366.88
740,1,0,0,0,0,0,4,0,0,0,0,1,3,0,2,2,6,383.8619,369.63
741,3,0,0,0,2,2,0,0,0,0,2,0,0,0,4,1,6,502.0823,365.64
742,3,3,4,0,0,0,0,0,0,0,0,0,0,0,0,3,4,474.8342,373.2
743,0,0,0,0,0,4,0,2,0,4,2,0,0,0,0,0,4,432.0809,366.93
744,1,0,0,0,0,0,0,0,0,0,0,0,0,0,0,0,1,548.7935,342.53
745,0,2,3,0,3,0,0,0,3,1,0,0,0,0,0,2,6,528.1908,359.46
746,2,0,0,0,3,3,0,0,0,0,0,0,0,2,0,0,4,430.9636,359.1
747,0,0,0,0,0,0,0,1,0,0,1,2,0,2,0,4,5,429.4964,371.6
748,0,0,0,4,0,2,0,0,0,3,4,0,0,2,0,2,6,343.6677,375.27
749,0,0,0,4,0,0,0,1,0,1,4,0,0,4,0,1,6,391.4759,366.42
750,1,0,0,1,0,0,0,0,0,4,0,0,0,3,1,0,5,405.6675,346.53
751,0,0,0,0,0,0,1,0,2,0,0,3,0,2,0,0,4,597.4694,351.44
752,0,3,0,0,1,0,3,0,3,0,3,0,0,0,0,4,6,595.7079,369.17
753,0,0,0,0,1,0,0,0,0,2,2,2,0,0,0,0,4,482.1298,356.54
754,0,0,1,0,0,0,0,0,2,0,2,2,0,3,0,0,5,608.7207,355.16
755,1,4,3,4,0,0,0,0,0,0,0,0,0,0,0,0,4,219.1539,373.45
756,0,0,0,0,0,0,2,3,0,4,0,0,0,1,0,0,4,518.9662,355.04
757,0,0,0,0,0,0,0,0,0,0,2,0,4,0,4,0,3,619.8338,357.72
758,0,0,0,0,0,0,0,0,0,0,0,3,0,0,0,2,2,406.9158,356.13
759,0,0,4,0,4,0,3,0,0,0,0,0,4,0,0,0,4,458.2637,360.47
760,0,0,0,1,1,0,0,0,0,0,0,0,0,4,0,0,3,673.3584,346.22
761,0,0,3,0,0,3,0,0,0,0,4,0,0,0,0,1,4,501.0508,350.77
762,0,0,2,0,0,4,4,0,0,0,0,0,0,1,0,3,5,291.1051,367.23
763,0,2,0,0,4,0,4,0,0,0,4,3,2,0,0,0,6,283.9353,371.79
764,0,0,0,0,0,0,2,0,0,0,2,0,2,3,0,0,4,598.2625,354.77
765,0,4,1,0,0,0,1,0,0,0,1,0,0,0,3,3,6,716.211,356.07
766,0,0,3,0,0,0,2,0,0,4,0,0,0,0,3,0,4,698.412,355.95
767,0,0,0,0,2,0,0,4,0,0,0,0,0,0,0,0,2,588.9975,350.15
768,0,0,0,1,0,0,4,0,0,3,4,4,0,0,2,0,6,327.1985,371.78
769,0,0,0,0,0,0,0,0,0,0,3,0,1,0,0,4,3,533.8566,363.77
770,0,0,0,3,0,0,0,0,4,3,0,0,2,1,0,0,5,452.1012,356.2
771,0,0,0,0,0,0,0,0,4,0,3,0,0,0,0,0,2,577.5606,351.43
772,0,0,1,0,0,0,0,1,0,0,0,0,0,0,0,0,2,656.863,341.41
773,0,0,3,0,0,0,0,0,0,0,0,0,2,3,0,0,3,737.0037,347.85
774,1,0,1,0,2,0,1,2,3,0,0,0,0,0,0,0,6,362.8044,363.85
775,0,0,0,0,0,1,4,0,0,0,4,0,0,1,3,0,5,533.6603,359.03
776,3,0,0,0,0,0,0,0,0,4,0,0,0,0,0,0,2,519.5612,354.8
777,0,0,0,3,0,0,0,4,0,3,0,2,0,0,0,1,5,350.1866,363.72
778,0,0,4,2,0,0,4,0,3,0,0,2,0,0,1,0,6,514.418,358.71
779,0,3,0,0,0,0,3,0,0,2,1,0,0,0,4,2,6,592.3212,366.82
780,1,4,0,4,0,0,2,0,0,2,0,0,3,0,0,0,6,353.2482,369.57
781,4,2,0,0,4,0,0,0,0,0,4,0,3,0,3,0,6,517.7266,377.65
782,0,0,0,0,0,0,0,0,0,1,4,0,0,0,0,0,2,484.4822,350.23
783,2,0,1,0,0,1,0,0,2,0,0,0,0,0,1,0,5,499.9467,353.37
784,2,2,4,0,0,0,0,0,0,4,0,1,0,0,4,0,6,636.1093,366.99
785,0,0,0,2,1,0,0,0,4,4,4,0,2,0,0,0,6,85.7362,347.63
786,0,2,0,0,1,0,0,0,0,0,4,0,2,2,0,3,6,485.9739,367.07
787,0,0,0,1,3,0,4,1,3,0,0,0,0,0,0,3,6,345.4366,369.01
788,0,0,0,0,0,3,0,0,4,0,0,2,0,2,0,0,4,559.161,356.47
789,0,0,0,0,0,2,0,0,0,3,0,0,0,2,2,2,5,515.4668,366.3
790,0,4,4,2,0,0,2,0,4,1,0,0,0,0,0,0,6,605.7183,362.24
791,0,0,3,0,0,0,0,0,0,3,0,0,3,0,0,2,4,436.2111,362.52
792,0,0,0,0,0,0,0,0,0,4,1,4,2,4,0,0,5,370.2828,363.38
793,3,0,1,0,4,0,0,1,1,0,0,0,0,1,0,0,6,422.9945,359.76
794,4,0,4,4,0,0,1,0,0,2,0,0,0,0,1,0,6,346.8067,382.24
795,4,1,0,0,0,2,0,0,0,4,0,0,3,0,0,2,6,461.758,374.49
796,0,3,0,0,0,1,0,2,0,0,0,0,2,0,0,1,5,441.1559,354.51
797,0,0,2,0,0,0,0,4,3,0,0,0,4,0,1,1,6,361.6693,368.43
798,0,4,0,1,0,0,0,2,0,2,0,0,4,0,0,4,6,381.929,374.78
799,0,0,0,0,0,0,2,0,0,0,0,1,0,2,0,1,4,500.2238,351.06
800,0,1,0,0,4,0,3,1,0,1,0,0,0,0,0,4,6,470.7451,366.03
801,0,3,1,0,0,4,0,0,0,2,0,0,0,0,1,0,5,646.6066,351.91
802,1,0,0,0,2,0,1,0,0,2,0,0,0,1,0,2,6,380.961,357.01
803,0,0,0,1,0,0,1,4,0,0,0,0,0,2,4,0,5,678.6215,352.45
804,1,0,0,0,2,0,0,0,1,0,0,1,0,0,0,4,5,469.0379,359.97
805,2,0,0,2,0,0,0,4,0,0,0,0,0,4,0,0,4,545.2832,359.8
806,0,0,0,0,0,0,0,4,0,0,1,0,1,0,1,0,4,518.3527,351.2
807,0,0,4,0,0,0,0,0,4,0,0,0,0,0,0,0,2,726.2894,349.0
808,0,0,0,0,4,0,0,0,0,3,0,0,0,0,0,0,2,490.0979,349.65
809,0,4,0,3,0,2,0,0,0,1,3,0,3,0,0,0,6,535.0385,364.18
810,0,0,0,0,0,2,3,0,0,3,2,0,0,0,0,0,4,486.8073,368.68
811,0,2,0,0,0,0,0,0,0,1,0,1,0,0,0,4,4,587.1298,359.6
812,0,0,0,1,0,0,0,0,0,4,0,0,3,3,1,4,6,283.2964,374.17
813,2,3,0,0,0,0,0,0,0,0,0,0,0,4,0,4,4,485.7942,377.33
814,0,0,0,0,0,0,0,0,0,0,0,1,4,0,3,0,3,589.0005,356.05
815,0,1,0,2,4,0,0,2,0,0,4,1,0,0,0,0,6,346.7026,361.5
816,0,0,0,0,0,0,2,0,0,2,0,0,1,1,0,0,4,583.5985,349.86
817,3,0,0,0,1,0,3,2,0,0,0,2,1,0,0,0,6,382.3273,363.0
818,0,0,0,0,2,0,0,0,0,0,0,0,2,3,0,2,4,451.1386,362.25
819,1,0,4,1,0,0,0,0,0,0,0,4,2,0,0,0,5,346.5204,358.93
820,0,0,4,0,0,0,4,0,0,4,3,0,0,3,4,0,6,586.3328,377.81
821,2,0,0,0,0,2,0,0,0,0,0,0,0,0,3,4,4,389.0216,371.47
822,4,0,0,2,1,0,0,4,0,0,0,4,0,1,0,0,6,482.1738,372.71
823,0,3,3,0,0,4,0,2,3,0,0,1,0,0,0,0,6,593.5988,368.11
824,0,0,0,0,0,0,0,0,0,2,0,4,0,2,0,4,4,382.6321,377.89
825,0,0,0,0,4,0,0,3,0,0,2,2,0,0,0,0,4,458.5687,357.41
826,0,0,0,0,0,1,0,2,0,0,2,0,1,0,4,4,6,278.2387,377.28
827,0,4,0,0,0,0,0,0,0,0,0,0,0,0,0,0,1,773.7501,345.35
828,0,0,0,0,0,4,0,0,0,0,0,0,0,2,0,1,3,512.7784,349.33
829,4,0,0,3,0,3,0,0,0,0,0,0,0,0,0,2,4,520.9623,370.99
830,0,0,0,0,4,0,0,0,0,1,0,0,0,0,0,4,3,484.7623,360.27
831,2,0,2,0,0,1,0,0,0,0,0,3,1,0,0,4,6,364.2558,376.89
832,0,0,0,1,2,0,0,4,0,0,1,0,0,4,2,0,6,500.6182,361.57
833,0,0,0,0,0,0,0,0,1,3,0,0,0,0,4,2,4,610.5963,364.2
834,0,0,0,0,4,3,3,0,1,4,4,0,0,0,0,0,6,181.389,379.33
835,0,3,0,1,3,0,0,3,0,0,3,0,1,0,0,0,6,466.0784,364.26
836,0,0,0,0,0,0,4,0,0,0,0,0,0,0,0,0,1,590.4179,346.44
837,3,0,0,0,0,0,0,0,3,0,0,0,0,0,0,0,2,552.5401,355.36
838,1,4,0,0,0,0,0,0,4,0,0,0,0,0,0,0,3,614.3202,354.51
839,0,0,0,0,3,3,0,0,2,0,1,1,0,0,0,2,6,439.0612,360.95
840,0,1,0,0,0,0,0,3,0,0,4,2,2,0,4,0,6,506.3054,367.66
841,0,4,0,0,1,0,0,0,0,0,4,0,0,0,0,0,3,670.3515,351.64
842,0,0,0,0,4,0,0,0,0,0,0,0,0,0,0,0,1,568.4985,346.09
843,0,0,0,4,0,0,0,0,2,2,0,0,1,0,0,0,4,468.968,354.07
844,2,0,2,3,0,3,0,0,2,0,4,0,0,0,0,0,6,374.7047,372.64
845,0,4,0,0,0,1,3,0,1,0,0,0,3,0,2,0,6,527.0727,363.25
846,0,0,3,4,1,3,0,0,0,0,0,0,0,0,0,0,4,382.5081,361.66
847,0,0,0,0,0,0,0,0,1,0,0,0,0,0,0,4,2,622.9878,354.69
848,0,2,1,3,3,0,0,0,0,4,0,3,0,0,0,0,6,300.2743,366.54
849,3,2,0,0,0,0,0,3,4,0,0,0,0,1,0,4,6,555.4911,385.64
850,4,0,0,1,0,0,0,0,3,0,0,0,2,4,0,1,6,370.1439,369.27
851,0,0,0,3,0,0,0,0,3,0,3,0,0,0,2,0,4,585.9929,355.94
852,4,0,0,0,0,4,0,0,0,0,2,0,2,0,0,0,4,585.7342,363.88
853,0,0,0,2,0,1,0,0,1,0,0,3,0,0,4,4,6,552.3939,377.8
854,0,4,0,3,0,0,2,0,0,0,2,0,0,3,1,0,6,650.212,358.34
855,4,3,0,0,0,2,0,0,0,0,0,0,0,0,0,0,3,529.2246,369.49
856,0,0,0,0,2,3,0,1,0,0,0,0,0,0,0,0,3,542.3926,348.83
857,0,0,0,2,0,3,0,2,2,0,0,0,1,0,2,0,6,523.6906,364.65
858,0,3,0,0,0,0,3,0,0,0,0,2,2,1,0,0,5,424.8656,357.59
859,0,1,0,0,0,2,0,2,0,0,0,0,2,0,2,0,5,582.5959,354.49
860,0,0,0,0,1,1,4,0,0,0,0,4,4,0,0,0,5,140.3544,346.6
861,0,1,0,0,0,0,0,0,0,4,4,2,3,4,0,0,6,294.8679,333.25
862,0,4,0,2,0,0,4,0,0,3,4,0,4,0,0,0,6,438.3091,378.01
863,3,0,0,3,1,2,0,0,0,0,0,0,0,4,1,0,6,402.8467,366.95
864,0,0,0,0,0,0,0,3,1,0,0,0,0,0,0,0,2,622.4132,348.4
865,4,2,3,0,0,0,3,3,0,4,0,0,0,0,0,0,6,513.8613,382.74
866,0,0,0,0,2,2,3,1,0,0,0,2,0,2,0,0,6,452.6851,362.12
867,4,1,0,0,1,0,0,0,0,0,0,2,1,0,0,0,5,358.0127,360.79
868,0,0,0,0,1,0,0,4,3,0,0,0,1,0,0,0,4,472.3354,359.89
869,0,0,0,0,2,0,0,3,1,0,0,1,4,0,3,0,6,517.5849,361.91
870,0,0,0,2,3,1,0,0,0,0,0,4,0,0,2,0,5,390.635,364.38
871,3,0,0,0,3,0,0,0,2,0,0,3,2,0,3,0,6,376.3706,374.31
872,0,0,1,0,0,0,0,0,0,0,0,0,0,0,0,0,1,692.5776,339.81
873,0,0,0,0,0,0,0,0,1,3,2,0,0,2,0,0,4,546.0681,356.44
874,0,0,0,0,0,0,0,0,2,0,0,4,0,0,0,0,2,523.8055,350.92
875,0,4,0,0,2,2,0,4,0,1,0,4,0,0,0,0,6,491.9193,365.65
876,0,0,0,4,0,0,3,0,0,0,0,0,0,2,0,0,3,566.0964,352.0
877,1,2,0,0,0,1,0,0,0,0,0,0,0,0,1,0,4,554.8226,344.67
878,0,0,0,0,1,0,0,0,1,0,0,0,0,0,0,0,2,643.3173,341.67
879,4,0,4,0,0,1,0,0,0,1,0,0,1,0,0,3,6,395.3753,369.1
880,0,0,0,0,1,0,1,0,0,4,2,0,0,4,0,0,5,527.6471,358.08
881,4,0,0,0,0,0,1,0,0,3,0,1,4,0,0,0,5,439.427,367.81
882,0,0,0,0,4,1,0,0,0,0,0,0,0,0,0,0,2,567.0751,346.6
883,0,3,0,0,0,0,0,0,2,1,0,0,0,4,0,0,4,780.874,349.49
884,4,0,0,0,0,0,0,0,0,0,1,4,0,0,0,4,4,484.0128,376.57
885,0,0,1,0,0,0,0,0,0,0,0,2,0,0,0,0,2,603.6019,344.21
886,0,0,0,0,0,0,0,0,0,0,0,4,4,2,1,0,4,392.577,354.99
887,4,0,0,0,0,0,0,0,0,2,0,0,0,3,0,0,3,649.8912,358.11
888,0,0,3,0,0,0,0,1,0,0,0,0,0,0,0,0,2,717.7537,343.33
889,0,1,0,0,3,2,4,0,2,1,0,0,0,0,0,0,6,384.511,364.81
890,0,0,0,0,3,0,0,1,0,0,0,0,0,0,0,0,2,559.7055,345.3
891,4,0,0,3,0,2,0,4,0,4,0,1,0,0,0,0,6,481.6026,373.95
892,0,0,2,0,0,0,0,0,0,0,3,0,0,0,0,2,3,540.6596,353.92
893,3,0,0,0,0,0,0,0,0,0,0,0,0,0,3,1,3,589.5669,353.98
894,0,0,0,4,0,0,3,2,0,1,0,0,4,1,0,0,6,422.1474,357.58
895,2,0,2,0,0,2,0,2,0,1,0,0,0,1,0,0,6,543.3753,359.43
896,0,1,0,2,0,0,0,4,0,0,0,0,0,0,0,0,3,561.9377,350.5
897,0,0,0,0,4,4,0,0,0,3,0,0,3,2,0,0,5,367.9585,356.33
898,0,0,0,0,0,0,2,0,0,0,0,0,0,0,0,0,1,646.6411,344.3
899,0,4,1,0,0,0,0,2,3,0,0,0,0,0,2,1,6,673.2023,364.49
900,1,0,0,0,0,0,0,0,1,0,0,2,0,0,0,0,3,477.0352,348.15
901,0,2,0,0,3,3,0,0,1,0,0,0,0,0,0,1,5,473.6046,354.84
902,0,0,0,0,4,0,4,0,0,0,0,0,0,0,1,0,3,463.6199,354.29
903,0,0,0,0,0,4,0,0,0,0,0,0,1,1,4,3,5,556.1098,369.26
904,0,4,0,0,2,0,0,0,0,0,0,1,1,0,0,0,4,682.6022,354.46
905,0,0,0,2,0,0,2,4,0,0,2,0,0,2,1,0,6,525.9707,358.43
906,2,1,0,0,0,3,0,0,0,0,4,0,0,3,2,0,6,588.9424,359.62
907,0,3,0,0,2,0,0,4,0,0,0,0,2,0,0,1,5,451.1796,359.41
908,3,0,0,0,0,0,0,0,0,0,0,3,4,0,0,0,3,167.0483,366.71
909,0,0,0,0,4,0,0,2,3,3,0,0,0,0,0,0,4,400.7369,365.84
910,3,0,0,0,3,2,0,0,0,3,1,0,0,4,0,0,6,429.7546,364.84
911,0,0,0,0,3,4,0,0,0,0,0,0,0,0,0,0,2,487.8353,351.56
912,4,0,0,0,0,0,0,0,0,0,0,0,0,0,0,0,1,599.4661,355.42
913,0,0,0,0,0,4,0,0,0,0,0,0,0,0,3,0,2,693.6549,348.5
914,0,0,0,0,0,0,0,0,0,2,0,0,0,4,1,3,4,424.9476,362.98
915,0,0,0,3,0,0,4,0,3,0,0,1,0,0,3,0,5,503.9393,361.15
916,0,0,0,0,0,2,0,0,0,0,0,0,0,0,2,0,2,720.6253,345.73
917,0,0,3,0,0,0,0,0,0,0,0,0,0,0,0,0,1,743.3433,342.18
918,0,0,0,0,0,2,1,0,0,0,0,0,0,1,0,0,3,585.481,347.72
919,3,0,0,0,0,0,0,0,0,3,0,0,4,0,2,1,5,456.0919,365.78
920,0,0,2,0,1,0,0,0,3,0,1,0,0,0,0,0,4,637.2551,349.05
921,0,0,0,0,0,0,0,0,3,2,0,0,0,0,0,0,2,591.2272,349.58
922,0,0,0,0,0,0,3,1,3,0,1,0,0,1,3,0,6,616.7772,361.18
923,0,0,0,0,0,0,0,0,1,0,0,0,0,2,0,0,2,705.9116,342.59
924,0,3,0,0,0,3,0,0,0,0,0,0,0,0,3,0,3,821.7948,349.96
925,0,3,0,0,0,2,0,1,3,0,0,2,0,0,0,2,6,474.037,369.89
926,4,0,0,0,3,0,0,0,0,3,0,0,0,0,1,0,4,461.8666,363.99
927,0,1,0,0,0,4,0,3,0,0,3,2,0,0,3,0,6,534.8553,362.79
928,3,0,0,2,0,0,0,0,0,1,0,0,4,0,0,0,4,410.0543,358.72
929,0,0,0,0,4,0,0,0,0,0,0,3,0,0,1,0,3,449.8541,351.42
930,0,1,0,0,0,4,2,0,3,2,0,0,0,0,1,0,6,311.2636,368.09
931,0,0,1,2,0,0,1,3,0,3,0,0,0,0,0,1,6,455.4691,353.47
932,0,0,0,1,4,0,0,0,4,0,4,0,0,0,4,0,5,411.1342,368.51
933,0,0,0,0,0,0,0,0,0,1,4,1,0,4,0,0,4,478.683,358.7
934,0,0,0,0,0,0,0,0,4,0,0,4,0,0,4,0,3,603.4095,359.0
935,0,2,0,0,0,0,3,0,0,0,3,0,0,0,0,0,3,630.3846,351.95
936,0,0,0,1,0,0,3,0,0,4,4,1,1,0,0,0,6,212.9943,370.79
937,0,0,0,0,0,0,4,0,1,0,4,0,2,0,0,0,4,442.2717,356.13
938,0,0,0,0,0,0,0,4,2,2,0,4,0,0,0,0,4,402.3247,368.83
939,0,0,0,0,0,0,0,0,0,0,2,0,1,2,4,0,4,733.1995,354.95
940,0,0,4,0,4,0,0,2,1,0,0,0,0,0,0,0,4,460.7012,367.64
941,0,4,0,0,0,0,3,4,0,4,0,1,2,0,0,0,6,492.5473,370.54
942,0,0,0,0,0,0,0,0,0,2,1,0,0,0,3,0,3,613.8408,352.32
943,0,0,0,4,0,0,0,2,0,0,2,0,1,0,0,0,4,538.343,351.63
944,0,4,0,0,0,0,0,4,0,1,1,0,3,0,0,0,5,565.2129,358.83
945,4,3,0,0,0,0,0,0,0,4,0,3,1,4,0,0,6,447.5731,383.32
946,0,1,1,3,0,0,0,1,0,0,0,0,2,0,4,0,6,596.0372,354.3
947,2,0,0,0,2,0,0,0,0,3,0,0,4,0,3,3,6,466.2353,372.85
948,1,0,2,0,0,0,0,0,0,1,3,0,1,1,0,0,6,528.785,351.05
949,0,3,0,0,4,0,1,1,4,0,0,0,3,0,0,0,6,474.9813,366.05
950,0,0,0,0,3,2,0,0,2,0,0,0,0,0,0,4,4,582.645,362.74
951,0,0,0,0,0,0,0,0,0,0,0,1,3,4,0,0,3,583.3028,354.34
952,0,0,0,0,3,0,2,0,0,0,1,0,0,0,3,0,4,546.419,355.19
953,0,4,0,0,2,0,0,0,0,0,0,0,1,0,0,0,3,667.7917,351.94
954,4,0,0,1,0,2,0,0,0,0,3,0,2,0,2,0,6,533.4487,368.98
955,0,3,0,0,3,0,0,2,4,0,0,0,0,0,0,0,4,556.0587,366.72
956,0,0,0,0,0,2,0,1,0,0,0,0,1,0,0,0,3,601.9403,345.75
957,0,0,0,0,4,1,4,0,0,0,0,0,0,2,1,0,5,471.803,357.02
958,0,0,0,0,0,0,0,0,0,0,0,0,0,3,4,1,3,640.9779,354.47
959,0,0,0,0,0,0,1,0,2,3,4,0,0,2,0,0,5,332.3318,360.31
960,4,4,0,0,1,0,0,3,0,3,0,4,0,0,0,0,6,171.214,377.17
961,0,0,0,0,0,3,0,3,3,0,2,3,0,0,0,4,6,459.2141,383.15
962,0,4,0,3,0,0,0,0,0,0,0,0,0,0,0,2,3,561.2596,354.86
963,0,0,3,3,0,1,0,0,0,0,0,0,0,0,0,0,3,621.2251,347.22
964,0,0,0,0,0,0,0,0,0,0,2,0,3,0,0,0,2,573.8253,349.35
965,0,3,0,0,0,0,0,0,0,4,0,1,0,1,0,4,5,560.1445,366.8
966,0,0,0,0,2,0,0,0,0,0,0,0,0,3,0,0,2,669.1057,344.59
967,1,0,0,0,0,0,2,0,0,0,0,0,0,0,0,0,2,510.2321,348.93
968,1,4,0,0,0,4,0,0,0,4,0,0,2,0,4,0,6,565.4991,366.61
969,0,1,0,0,0,2,0,0,4,0,0,0,0,1,1,0,5,544.16,350.5
970,0,0,0,0,4,0,4,0,1,0,4,0,4,0,4,0,6,413.182,373.51
971,1,0,0,0,0,0,0,0,3,0,0,3,0,0,0,2,4,386.1444,359.8
972,0,0,0,3,3,4,4,0,0,2,0,0,0,0,4,0,6,152.8996,365.19
973,1,4,0,0,0,0,0,0,0,0,0,0,0,1,0,0,3,598.2863,349.82
974,0,0,0,0,2,0,1,0,0,0,0,0,2,0,0,1,4,430.223,349.85
975,1,0,0,0,4,0,0,0,0,0,4,3,4,0,0,0,5,112.1801,240.02
976,0,4,0,0,0,2,0,1,0,0,0,0,0,0,0,0,3,706.94,352.26
977,0,0,3,0,0,0,0,0,3,3,0,0,3,0,4,1,6,496.5556,367.79
978,0,0,0,0,3,0,3,0,0,2,0,0,0,0,4,2,5,561.2387,368.91
979,0,1,0,3,4,0,0,0,0,2,0,0,2,0,0,0,5,285.973,363.07
980,0,4,2,4,1,0,0,0,0,0,0,0,0,0,0,0,4,429.9146,364.62
981,0,0,3,0,0,0,0,2,0,0,0,0,0,0,0,0,2,722.3604,346.09
982,0,0,0,0,2,0,0,1,1,0,0,0,0,0,0,0,3,587.08,345.3
983,0,0,0,0,0,0,3,0,0,0,0,0,0,0,4,0,2,693.8378,351.16
984,0,0,0,0,0,4,4,0,0,2,4,0,0,0,3,0,5,429.5639,379.17
985,1,0,4,0,0,0,4,4,0,0,0,0,0,2,2,0,6,497.4571,364.18
986,0,0,0,4,0,0,0,2,4,0,0,0,1,0,3,0,5,492.9203,367.41
987,0,0,2,4,0,0,0,0,0,0,0,0,0,0,0,0,2,634.8486,346.6
988,2,3,0,2,0,0,0,0,0,0,2,0,1,0,0,2,6,527.8751,366.46
989,0,0,1,4,0,1,2,0,2,0,0,0,0,3,0,0,6,564.9525,359.45
990,0,0,0,4,3,0,0,0,0,0,0,0,0,0,0,0,2,495.4048,351.5
991,1,0,0,3,1,0,0,2,0,0,0,1,2,0,0,0,6,348.875,359.65
992,4,0,0,3,0,4,0,1,2,2,0,0,0,0,0,0,6,481.1335,373.16
993,0,0,3,4,0,0,0,0,3,0,0,1,0,3,2,0,6,609.174,358.65
994,1,0,0,4,0,1,0,0,4,3,0,0,0,0,0,0,5,333.1755,359.79
995,0,1,0,0,3,2,0,3,0,0,0,0,0,2,0,0,5,587.5676,353.97
996,0,0,0,0,0,0,0,0,2,0,0,0,0,0,0,2,2,568.9121,351.35
997,0,1,1,0,0,1,4,0,3,0,0,1,0,0,0,0,6,407.2993,357.59
998,0,0,3,0,0,0,0,0,2,1,3,0,1,0,3,0,6,704.0072,358.63
999,3,0,4,0,0,0,0,4,0,0,3,2,0,0,0,4,6,516.5674,379.9
1000,0,0,0,0,4,0,0,2,2,0,1,0,4,0,2,0,6,444.1837,371.06
1001,0,0,0,0,0,0,0,1,1,1,0,0,0,0,0,2,4,544.6525,354.26
1002,0,0,0,0,0,0,0,0,0,0,0,0,0,0,4,4,2,314.7397,367.79
1003,0,0,0,0,0,0,0,0,3,0,0,0,2,0,0,0,2,614.6289,347.72
1004,0,0,0,1,0,0,0,0,0,1,0,3,0,0,0,3,4,377.8492,361.87
1005,0,0,0,0,4,0,0,0,0,1,0,0,1,4,3,0,5,585.6368,354.11
1006,0,0,0,0,0,0,0,0,0,0,0,4,0,0,4,0,2,624.5475,352.46
1007,3,1,2,0,0,0,0,0,3,0,0,0,0,3,0,2,6,624.4845,365.15
1008,2,0,1,0,0,0,0,3,0,0,0,0,0,3,0,0,4,599.2599,354.0
1009,0,0,0,0,0,4,1,3,2,0,1,0,2,0,0,0,6,409.6231,371.1
1010,0,0,0,0,0,0,2,0,0,0,0,0,0,0,1,0,2,610.2683,345.1
1011,0,0,0,4,0,0,2,3,0,0,3,2,0,4,0,0,6,516.0019,361.94
1012,0,2,0,0,0,0,0,0,3,0,0,0,0,4,0,0,3,744.7866,350.71
1013,0,4,1,0,0,4,0,0,0,0,0,1,0,0,0,4,5,675.2179,364.23
1014,0,0,0,0,0,2,0,0,1,1,0,0,0,0,0,0,3,625.545,345.61
1015,0,0,0,0,3,0,0,0,0,0,3,0,0,0,0,1,3,458.3647,352.16
1016,0,0,0,0,1,0,3,0,4,0,0,0,2,0,0,0,4,506.58,353.58
1017,4,0,0,0,0,0,0,2,0,0,0,0,0,0,0,3,3,560.7409,366.66
1018,0,0,0,2,0,0,0,0,0,0,0,2,0,2,4,0,4,645.2984,355.54
1019,0,0,0,2,0,0,3,2,1,0,0,4,0,2,0,0,6,440.4802,360.76
1020,0,1,0,1,2,0,0,0,0,0,0,0,0,0,3,2,5,560.1817,359.09
1021,0,1,0,0,0,0,2,1,0,0,0,2,0,0,2,0,5,588.4329,353.04
1022,4,1,0,0,1,0,0,0,3,0,0,0,0,0,3,3,6,568.2721,378.96
1023,0,0,0,0,0,1,0,3,4,0,2,0,0,1,0,1,6,392.5909,369.24
1024,4,0,0,0,4,4,0,0,3,3,0,0,0,0,1,0,6,363.2359,375.82
1025,2,0,0,0,0,2,0,0,0,0,0,0,0,0,0,0,2,520.6407,353.34
1026,4,0,0,0,0,4,3,4,0,2,0,0,0,0,0,0,5,462.7171,380.89
1027,1,0,0,4,0,0,0,0,3,3,0,2,0,0,4,0,6,383.3867,365.84
1028,2,2,4,0,0,0,0,0,0,0,0,0,4,0,4,4,6,359.5984,398.33
1029,0,0,1,4,0,0,3,2,0,0,0,0,0,0,0,1,5,405.41,352.7
1030,0,0,0,0,0,3,0,0,0,0,0,0,0,0,0,0,1,647.2256,344.33
1031,3,4,0,4,0,0,0,0,1,0,0,0,0,4,0,0,5,474.257,380.61
1032,1,0,0,4,1,0,2,0,0,0,0,3,0,0,0,1,6,207.6973,367.78
1033,0,0,0,0,0,0,0,3,0,0,0,0,0,0,3,0,2,718.5653,348.57
1034,0,4,0,2,0,0,4,0,1,4,0,0,0,2,0,0,6,557.7109,366.1
1035,0,0,0,0,0,2,0,0,0,0,0,2,0,0,0,0,2,602.0896,346.6
1036,0,0,1,0,0,0,0,0,0,0,0,2,0,2,0,0,3,644.8393,346.51
1037,0,0,0,0,1,0,4,1,1,0,0,2,0,0,2,0,6,525.84,354.55
1038,0,0,0,0,0,0,1,0,0,0,0,0,0,0,0,0,1,678.2215,340.08
1039,0,0,0,2,0,0,0,1,4,0,0,0,0,0,0,3,4,500.815,360.65
1040,3,4,0,0,2,0,0,1,0,1,0,0,0,0,0,0,5,591.8043,365.79
1041,0,0,0,1,0,3,0,2,0,0,4,0,3,0,0,0,5,456.6327,359.59
1042,0,0,0,0,4,2,0,0,0,0,4,0,0,0,0,0,3,482.1659,354.33
1043,0,0,0,0,0,0,0,1,0,0,0,0,0,0,0,2,2,509.1681,351.82
1044,0,3,0,0,1,0,0,0,0,4,0,2,0,0,0,1,5,462.4318,356.76
1045,0,0,0,2,0,0,0,0,0,0,4,1,0,4,0,0,4,624.1435,349.15
1046,0,3,0,0,0,4,0,1,1,0,4,0,0,0,4,0,6,601.4084,367.31
1047,2,2,0,0,4,0,3,0,0,0,0,0,1,0,1,0,6,353.8652,369.69
1048,0,0,0,0,0,0,2,4,0,0,2,0,2,0,0,0,4,504.8967,357.3
1049,0,0,1,0,0,0,0,4,0,0,0,0,3,2,0,0,4,615.7116,350.9
1050,2,0,0,0,0,3,0,0,4,0,0,0,0,0,0,0,3,461.2839,361.3
1051,0,0,0,1,2,4,1,0,0,0,0,3,0,0,0,3,6,224.6709,366.05
1052,0,0,4,4,0,0,0,0,4,0,0,0,0,3,0,0,4,650.7207,355.93
1053,0,0,0,4,0,0,0,0,0,0,1,4,0,0,1,0,4,419.3323,351.5
1054,0,0,0,3,0,0,0,3,0,4,4,0,0,0,0,0,4,222.8574,371.36
1055,1,2,2,0,0,0,0,3,0,0,4,0,0,0,0,0,5,517.089,357.5
1056,2,0,1,1,0,0,0,0,0,0,1,0,1,3,0,0,6,567.1048,349.16
1057,0,2,0,2,0,0,0,4,0,0,0,0,0,2,0,0,4,707.2441,352.43
1058,0,0,0,0,0,0,0,0,0,0,3,3,1,2,0,0,4,507.135,356.31
1059,0,4,1,0,4,0,0,3,1,0,0,0,0,0,0,0,5,605.021,363.06
1060,0,0,2,0,2,0,0,0,0,0,0,0,0,0,0,0,2,623.714,347.87
1061,1,0,0,3,1,1,0,1,0,4,0,0,0,0,0,0,6,287.0437,357.5
1062,0,0,0,0,1,1,2,0,0,0,3,0,0,0,0,0,4,552.3964,352.68
1063,0,0,3,0,3,0,0,0,0,0,0,0,0,2,0,2,4,556.3507,357.67
1064,4,0,0,0,0,0,0,4,0,0,0,2,0,0,3,2,5,507.153,375.53
1065,0,0,0,4,0,3,0,0,0,0,1,0,2,0,3,4,6,556.3932,372.81
1066,0,0,0,1,3,4,0,0,2,0,4,0,0,1,0,0,6,364.6606,360.66
1067,2,0,0,3,0,0,0,0,0,4,0,1,2,1,0,0,6,357.4282,362.01
1068,4,4,0,0,0,0,0,0,4,0,3,0,0,0,2,0,5,338.9226,377.11
1069,0,0,0,0,0,0,2,0,0,0,0,0,0,0,3,0,2,721.4312,347.49
1070,0,1,0,0,0,1,0,4,0,0,0,0,0,0,0,0,3,569.5948,348.55
1071,0,0,0,0,0,0,0,0,0,0,0,0,0,4,4,0,2,732.4662,348.89
1072,0,4,2,0,0,0,0,0,2,1,3,0,0,2,0,0,6,710.1929,358.37
1073,3,0,0,0,0,0,0,0,0,1,0,2,4,0,0,0,4,192.6678,366.81
1074,0,0,0,0,0,0,1,3,0,0,2,1,4,0,0,0,5,449.2183,357.46
1075,0,0,0,0,0,4,0,0,4,0,3,0,0,2,0,0,4,529.3186,357.72
1076,0,0,3,0,0,0,0,1,4,0,1,0,0,0,0,0,4,599.9914,355.95
1077,1,0,0,0,0,2,0,0,2,0,2,0,0,1,0,4,6,483.6359,365.6
1078,0,0,0,0,3,4,0,0,0,3,0,2,0,0,1,0,5,429.9832,358.73
1079,2,2,0,0,0,0,0,0,0,0,0,0,0,0,0,0,2,568.2605,354.88
1080,3,0,0,0,1,1,0,2,0,2,0,1,0,0,0,0,6,519.3738,359.29
1081,0,0,0,0,4,0,0,0,2,0,0,0,2,0,0,0,3,477.0204,353.11
1082,0,2,0,0,1,0,0,0,0,0,0,0,3,2,0,3,5,494.0867,361.02
1083,0,0,3,3,0,0,1,3,0,0,0,3,2,0,0,0,6,370.48,358.98
1084,3,0,0,2,4,0,0,1,2,0,0,0,0,0,0,0,5,316.1081,372.71
1085,0,0,1,0,0,0,0,0,0,4,4,0,0,0,0,0,3,340.714,358.67
1086,0,1,4,0,0,1,0,0,0,4,0,2,0,0,0,0,5,537.0388,354.61
1087,4,4,2,0,0,0,0,2,1,0,0,1,0,0,0,0,6,175.7618,345.94
1088,0,0,0,0,0,0,0,1,0,1,4,0,0,2,2,0,5,501.4823,361.89
1089,4,0,0,0,0,0,2,0,0,1,0,4,0,0,0,0,4,532.9035,362.56
1090,0,0,0,0,0,0,0,0,1,0,0,0,0,4,0,0,2,740.6712,344.28
1091,0,0,0,4,0,2,0,0,1,0,0,3,0,0,0,0,4,424.0839,355.53
1092,3,2,0,1,0,0,3,0,0,0,0,0,3,0,0,0,5,287.3664,370.47
1093,0,1,0,0,0,2,0,0,0,4,0,0,0,0,0,0,3,566.9832,350.56
1094,2,0,0,0,0,0,0,3,0,0,0,0,0,0,0,0,2,536.491,353.57
1095,0,0,0,1,0,2,0,0,0,0,0,0,0,3,0,0,3,699.3222,345.95
1096,2,0,0,2,0,0,0,0,0,0,0,0,0,0,2,0,3,469.88,354.97
1097,0,1,0,1,2,0,1,0,0,0,0,0,0,4,0,1,6,514.979,352.43
1098,0,0,0,0,0,0,0,2,0,0,0,0,0,4,0,3,3,563.1563,360.79
1099,0,0,1,0,2,0,0,0,0,3,0,0,0,0,1,0,4,497.2182,348.01
1100,0,0,1,2,0,0,0,2,2,3,0,0,0,0,3,0,6,540.1505,365.04
1101,0,0,0,0,0,3,2,0,0,0,4,0,0,0,0,0,3,504.8115,357.91
1102,0,2,0,2,0,2,0,0,0,0,0,0,0,0,0,0,3,559.1595,352.52
1103,1,0,0,0,0,0,0,0,1,2,0,0,3,1,3,0,6,526.4815,354.49
1104,0,0,0,0,1,0,0,1,0,1,0,3,0,1,2,0,6,545.481,353.55
1105,0,0,0,4,0,0,0,0,0,0,0,4,0,0,0,0,2,443.7241,351.75
1106,0,1,4,4,0,0,0,0,2,1,0,1,0,0,0,0,6,445.8963,351.8
1107,4,0,0,0,0,0,0,0,0,0,0,0,3,0,0,4,3,585.3308,372.78
1108,0,0,0,1,0,0,0,0,0,2,0,0,0,0,0,0,2,640.1596,344.0
1109,0,0,3,1,3,1,0,0,0,1,4,0,0,0,0,0,6,441.6724,359.96
1110,0,0,0,0,0,4,3,2,0,0,2,0,0,3,0,0,5,359.9791,367.5
1111,1,0,0,4,2,0,0,0,0,0,0,0,0,0,0,0,3,130.9827,188.5
1112,0,0,0,0,3,0,3,0,0,2,0,4,0,3,2,0,6,480.9188,367.89
1113,0,2,0,0,0,0,3,2,0,0,0,1,0,0,0,0,4,622.4717,352.43
1114,1,0,1,4,0,4,0,0,3,0,0,0,0,0,0,0,5,349.4581,359.86
1115,2,0,1,0,0,0,0,2,0,0,0,0,1,3,0,1,6,554.1597,356.64
1116,0,0,0,0,0,0,0,0,1,1,0,0,0,0,0,0,2,673.2773,341.71
1117,1,0,4,0,0,1,0,0,0,0,0,0,4,3,3,0,6,568.181,358.0
1118,0,0,0,0,0,0,0,0,0,0,0,0,3,0,2,0,2,634.9959,348.3
1119,0,0,0,0,0,0,0,0,3,3,0,0,0,0,0,0,2,559.5166,350.83
1120,0,0,1,2,0,1,4,0,4,3,0,0,0,0,0,0,6,411.0433,366.09
1121,0,0,2,3,0,0,0,0,0,0,0,0,0,0,0,0,2,661.1572,345.72
1122,0,0,0,0,0,0,0,1,3,0,4,0,0,0,0,0,3,495.4614,355.89
1123,0,1,0,0,0,0,2,2,0,0,0,0,0,0,0,0,3,570.2848,349.31
1124,0,0,0,0,0,4,0,0,4,0,0,2,0,3,3,0,5,577.3048,363.31
1125,1,3,0,0,0,0,3,0,2,0,2,4,0,0,0,0,6,499.8798,365.01
1126,0,0,0,0,4,0,0,0,0,0,0,2,0,0,3,0,3,576.4113,354.33
1127,0,0,0,0,0,0,0,3,0,2,0,0,0,2,0,0,3,617.7377,351.09
1128,0,0,0,2,3,0,2,0,0,0,0,1,2,0,0,0,5,370.3133,363.32
1129,0,0,0,0,0,0,0,1,0,0,0,1,2,1,3,0,5,581.4477,356.58
1130,0,0,3,1,0,0,1,2,4,0,0,0,1,0,0,0,6,549.2024,361.01
1131,3,0,0,0,0,0,0,3,0,0,0,0,0,0,0,0,2,599.3884,353.84
1132,0,0,0,3,0,3,1,3,0,0,0,3,0,2,0,0,6,465.2052,361.84
1133,0,0,0,2,0,0,0,0,0,0,0,0,0,3,0,0,2,701.2526,343.89
1134,0,0,0,0,0,0,0,0,0,0,0,3,4,2,0,2,4,104.1115,325.17
1135,0,0,1,0,0,0,0,0,4,0,2,0,0,0,0,0,3,594.8887,350.58
1136,0,4,0,4,0,0,0,0,0,2,0,0,0,0,0,0,3,618.9536,354.82
1137,0,1,0,0,0,0,0,0,4,0,3,0,1,0,2,0,5,596.1268,357.45
1138,0,0,0,0,0,0,0,2,0,0,3,1,0,0,0,3,4,458.8473,362.47
1139,0,0,3,0,0,4,0,0,2,0,0,1,0,0,0,0,4,607.1056,352.15
1140,0,0,0,0,0,2,0,0,0,0,0,2,2,0,0,0,3,442.1393,353.75
1141,0,0,0,0,0,0,0,1,1,1,2,0,0,0,3,0,5,655.0006,359.89
1142,0,0,0,0,0,0,4,0,0,0,0,0,0,3,0,0,2,662.4751,348.33
1143,2,1,0,0,0,0,0,0,0,0,0,3,0,3,4,0,5,634.668,356.43
1144,2,2,0,0,3,4,0,0,0,0,3,0,1,0,0,0,6,432.2139,370.06
1145,0,2,0,0,2,0,0,0,0,0,0,0,0,4,4,0,4,741.8045,354.8
1146,0,2,0,2,0,0,0,3,0,0,2,0,0,4,0,3,6,580.806,367.21
1147,2,0,0,0,2,1,0,0,0,4,4,0,0,0,2,0,6,251.3919,372.21
1148,0,0,0,0,0,0,0,0,0,3,0,0,4,1,0,0,3,508.0905,351.68
1149,0,0,0,0,0,3,1,0,0,0,0,0,0,0,0,0,2,556.5243,349.13
1150,0,1,1,0,0,0,4,0,0,0,1,0,4,3,0,0,6,537.6314,351.35
1151,0,0,3,0,0,0,0,2,0,0,3,3,0,0,0,0,4,573.2696,353.4
1152,0,0,0,0,3,0,0,0,0,4,2,0,0,0,3,4,5,467.619,385.01
1153,0,0,0,0,0,0,1,0,0,0,0,0,0,0,0,4,2,652.0611,354.8
1154,0,0,0,0,0,0,0,4,0,0,0,0,0,0,0,0,1,646.9415,346.03
1155,1,0,1,0,0,0,0,0,0,0,0,0,0,4,0,0,3,599.9807,342.94
1156,1,0,0,0,0,2,4,1,0,0,0,0,0,2,0,4,6,385.8901,374.28
1157,2,4,0,0,1,0,0,0,0,0,3,0,0,0,0,0,4,610.4124,362.72
1158,0,0,2,0,3,0,0,1,0,1,0,0,0,0,2,3,6,524.0996,365.14
1159,0,0,3,0,0,0,4,1,0,1,0,2,0,0,0,2,6,370.3484,361.65
1160,0,3,0,0,1,0,0,1,0,4,0,0,0,0,0,0,4,618.5064,351.42
1161,3,0,0,0,4,2,0,4,0,0,0,0,3,0,0,2,6,397.6859,374.04
1162,0,3,0,3,0,0,0,1,0,0,1,0,0,0,0,0,4,615.1643,350.91
1163,0,1,0,0,0,0,0,0,0,0,1,4,0,0,4,0,4,609.3391,349.5
1164,0,0,0,0,0,0,3,2,0,4,1,4,0,1,0,0,6,396.8884,367.7
1165,0,0,0,0,1,0,0,0,0,4,3,0,0,1,4,0,5,500.9004,369.05
1166,0,0,0,0,1,4,4,2,0,0,0,4,0,0,0,0,5,164.8608,362.21
1167,0,2,4,0,0,0,0,0,0,0,0,0,0,0,0,0,2,757.5211,345.92
1168,3,1,1,0,2,0,2,0,0,1,0,0,0,0,0,0,6,404.6522,364.49
1169,0,3,0,0,0,1,0,0,4,0,1,0,0,4,0,2,6,512.0752,364.6
1170,0,0,0,0,3,0,0,2,0,0,0,0,0,0,0,0,2,551.2795,349.94
1171,1,0,4,1,0,0,0,0,0,2,3,0,0,0,0,4,6,524.275,372.35
1172,0,0,0,1,0,0,0,0,0,0,0,0,0,0,4,0,2,723.008,347.26
1173,4,0,0,0,3,0,1,0,0,4,0,2,4,0,0,0,6,176.3157,384.33
1174,0,0,0,0,2,0,1,0,1,0,0,0,0,3,0,0,4,588.6559,348.85
1175,1,0,0,0,0,0,0,0,0,0,3,0,0,0,0,0,2,513.075,345.16
1176,1,0,4,0,0,0,1,4,0,0,0,0,0,1,1,0,6,570.2101,351.19
1177,0,0,0,0,0,0,0,1,1,4,0,0,3,0,0,4,5,434.0369,368.69
1178,4,0,0,0,0,4,0,2,0,0,0,0,4,0,4,0,5,464.7928,370.9
1179,0,0,4,3,0,1,0,0,2,3,0,0,4,0,0,0,6,514.0828,360.82
1180,0,2,0,0,0,0,0,0,0,0,0,0,0,2,0,0,2,765.0555,343.91
1181,3,1,0,2,0,0,3,0,2,0,0,0,2,0,0,0,6,349.7772,369.15
1182,0,3,0,0,1,2,0,1,0,0,0,3,0,0,2,0,6,707.9656,355.95
